Francesca,Construction ID,Name,Form,Function,Formal Tags,Functional Tags,Schematicity Level,Examples 1,Source,Examples 2,Source,Examples 3,Source,Examples 4,Source,Examples 5,Source,Idiomaticity Level Function,Explain,Idiomaticity Level Form,Explain,Idiomaticity Level Restrictions,Explain,Idiomaticity Level Collocational Preferences,Explain,Idiomaticity Level Usage Familiarity,Explain,Data Collector,Notes
rev,1,,non vedo perchè doverefles Vinf  adv (e/o)Prep. X,"esprime contrarietà rispetto allo svolgimento di un'azione, di un'attività o rispetto ad uno stato d'animo, ad un pensiero espresso da altri o pensato in prima persona. ","semi fixity, semi variability","opposition, disappointment, context dependence",partially filled/schematic,non vedo perchè dovrei parlare con lui,"italiano colloquiale
",non vedo perchè dovrei stare a guardare,italiano colloquiale,non vedo perchè dovrei andare ,italiano colloquiale,non vedo perchè dovrei crederti,italiano colloquiale,non vedo perchè dovrei stare qui con lui,italiano colloquiale,yes,"la comprensione di questo tipo di costruzione non è possibile se si prescinde dal contesto, prevede infatti una coreferenza con un discorso precedente riferito all'interazione fra conoscenti.",yes,la costruzione è formata dalla prima parte fissa e la seconda parte con costituenti che presentano maggiore variabilità,yes,"-""Non vedo perchè"": si trova in posizione iniziale con ordine fisso e costituenti non variabili.
-Nel caso in cui la frase venga espressa senza elementi sottintesi, il verbo modale che lo segue è necessariamente -dovere, il quale subisce flessione. Nel caso non sia presente è appunto sottinteso come ""non vedo perchè di questo conflitto""
La parte che segue, nel caso in cui la frase sia espressa nella sua interezza e senza sottintesi è un V all'infinito; i costituenti successivi al V presentano una variabilità da un punto di vista dei costituenti e meno fissità. ",yes,"-V: deve necessariamente essere all'infinito. In alcuni casi può essere accompagnato da pronomi personali clitici posti alla fine del verbo.
adv: possono essere avverbi spaziali deittici o temporali. Può essere assente
-Prep: deve essere una preposizione semplice. in alcuni costrutti può essere assente
L'avverbio e la preposizioni possono cooccorrere, essere entrambi assenti o vi possono essere costrutti con solo uno di essi.
X: può essere un N, V, Pronome
Successivamente al V i costituenti possono anche essere assenti in alcuni costrutti (ex 3). Ci sono anche costrutti in cui tutto viene sottinteso a parte la parte iniziale ""non vedo perchè..."" o anche ""non vedo perchè dovrei"". 
la valenza della costruzione può quindi essere ridotta all'essenziale in ""non vedo perchè"", però la valenza varia anche a seconda del significato che ogni singolo costrutto deve esprimere e quindi a seconda del contesto, essendo un tipo di costruzione la cui interpretazione deriva appunto dal contesto colloquiale e dall'interazione tra soggetti. ",no,,Marianna Ceravolo,"lo schema della costruzione che riporto è quella in cui nessun elemento viene sottinteso, però preciso che sopo il -perchè possono seguire diversi tipi di elementi, perciò volendo aggiungere una forma sintetica si potrebbe indicare il costrutto con lo schema : non vedo perchè X, considerando costruzioni come "" non vedo perchè no"", ""non vedo perchè in Francia"". Però penso che in questi casi vengano comunque sottintesi elementi presenti nello schema riportato all'inizio. Tutti i costrutti rimangono infatti comprensibili grazie all'abituale utilizzo della frase, il quale quindi permette di sottintedere alcune sue parti, in congiunto con il riferimento al contesto colloquiale. "
rev,2,,non V (ci+essere) - N - che V (tenere),"Esprime determinazione al raggiungimento di uno scopo, enunciato indifferentemente prima o dopo questa costruzione: esprime determinazione nel raggiungere un obiettivo, talvolta superando proprio l'ostacolo enunciato nella costruzione.",,,partially filled/schematic,"Sono già quattro volte che non riesco a superare l’ultimo esame dell’università. Ma stavolta non c’è santo che tenga. Giuro che ci riuscirò!
In questa occorrenza l'ostacolo (il santo) non è ovviamente responsabile del buon esito dell'esame del candidato: viene inteso come ostacolo in quanto entità che nel folklore dal cielo favorirebbe o impedirebbe i successi degli uomini in terra. Nulla viene detto a proposito delle motivazioni del fallimento, ma pare chiara la volontà di riuscire al prossimo tentativo, eenfatizzando questa idea proprio con l'utilizzo di questa costruzione.",https://italianosemplicemente.com/2021/06/25/552-non-ce-che-tenga/,"Le ultime partite sono stato molto sfortunato e ho sempre perso. Ma la prossima partita non c’è sfortuna che tenga. Stavolta vincerò io!
Questa volta l'ostacolo da superare è stato anche la causa del precedente fallimento (la sfortuna).",https://italianosemplicemente.com/2021/06/25/552-non-ce-che-tenga/,"Perdiamo sempre per colpa dell’arbitro? La prossima volta non c’è arbitro che tenga. Vinceremo noi!
Analogamente, anche in questa occorrenza la causa del precedente fallimento viene posta nel mezzo di questa costruzione e diventa ostacolo al raggiungimento dell'obiettivo (l'arbitro).
 ",https://italianosemplicemente.com/2021/06/25/552-non-ce-che-tenga/,"Perché consegnate sempre i compiti in ritardo? Avete sempre una scusa da dire e questo non va bene. La prossima volta non c’è scusa che tenga! Chi non consegna i compiti in tempo sarà bocciato.
Le scuse (verosimilmente addotte dagli alunni) non li esenteranno più dai loro obblighi. In questa circostanza il verbo tenere assume una sfumatura ancor più chiara di ""reggere"" (la scusa non regge, non è valida, non convince (più)).",https://italianosemplicemente.com/2021/06/25/552-non-ce-che-tenga/,,,yes,"Il significato dell'espressione non è deducibile dalla semplice somma dei significati delle parti: il verbo tenere qui non sta per ""prendere, afferrare"" quanto piuttosto per ""essere abbastanza valido"", valendo ""reggere"" (o meglio, ""non reggere"")",no,,yes,"N può essere solamente un sostantivo. Ad esempio, non può mai essere riempito da un aggettivo: oggi mi vesto di rosso, *non c'è verde che tenga. Inoltre V (tenere) può essere declinato solamente al congiuntivo, e solamente alla III pers. sing. o plur.",no,,yes,"Non pare esserci variazione diatopica associata a questa costruzione: piuttosto, la variazione è diastratica (situazionale) e diamesica. La costruzione sembra essere associata a situazioni di lingua informale oltre che solamente orale.",Nico Ferioli,
no,3,,V (dire) + N + N,"Espressione idiomatica usata correntemente nell'italiano popolare. Indica un contesto comunicativo in cui un ""X parla male (sparla) di Y"" o in cui ""sia X che Y parlano male l'uno dell'altro"".",,,lexically filled,Si sono detti peste e corna ,Italiano regionale,Vi sembra normale che una persona dica peste e corna dell'ex coniuge?, Post facebook ,Ti consiglio di non rivolgerti al Dottor Rossi per il tuo mal di schiena. Almeno tre persone che si sono rivolte a lui me ne hanno dette peste e corna.,commento ad un Post facebook ,,,,,yes,Esprime l'astio o la disapprovazione di una persona o tra due o più persone.,yes,"Substantive idiom, espressione lessicalmente specificata (principi combinatori generali V + Obj + Obj fissi) che assume una particolare interpretazione idiomatica.",yes,"L'espressione, per essere compresa dagli interlocutori, deve essere enunciata in contesti specifici (soprattutto informali) in cui un interlocutore riferisce agli altri partecipanti che un determinato soggetto X parl- male di un qualsiasi oggetto Y.",yes,"La costruzione prevede che ci sia un verbo V(dire) all'inizio dell'espressione (pur potendo essere coniugato in qualsiasi forma; anche alla forma passiva o reciproca), seguito da due oggetti Obj che non variano in alcun caso nella forma. I due oggetti possono essere seguiti da un SP (sintagma preposizionale: di qualcuno).",yes,"La costruzione di origine prettamente regionale, nello specifico meridionale (pugliese), viene usata solo in contesti informali ad alto grado di familiarità tra gli interlocutori.",Siria Grasso,
yes,4,Discontinuous reduplication with antonymic pairs,Xi Adv1 Xi Adv2,PLURALITY|VARIETY of X,"reduplication, repetition","plurality, intensification",fully schematic,"Il commendatore […] riceveva, ringraziava, stringeva mani di qua, mani di là […]",Corpus: itTenTen16,"I segni erano spariti e, cerca di qua, cerca di là, nessuno ha avuto il coraggio di continuare senza.",Corpus: itTenTen16,"Ora poi facciamo attenzione che ogni iniziativa ha e avrà un aggettivo imprescindibile: “Europeo.” Giornata Europea contro la sclerosi multipla, Giornata Europea contro la leucemia, giornata europea contro il fumo, sciopero europeo,giornata europea di qua, giornata europea di là.",Corpus: itTenTen16,"Tutti bravi a parlare, Bono di qua, Bono di là…",Corpus: itTenTen16,"Ancora un'entrata mancata: chi russa di qua chi russa di là, tutti dormono come ghiri e nessuno ha visto.",Corpus: itTenTen16,yes,,no,,yes,,yes,,no,,Francesca Masini,"The function of the construction is not predictable from its parts.
The construction is instantiated by daughter-constructions, each of which has slightly distinct (albeit related) functions and more specific properties."
yes,5,,Adj + come + N,Il costrutto indica una caratteristica positiva di una persona attraverso il paragone con un termine le cui qualità sono universalmente riconosciute.,,,partially filled/schematic,Buono come il pane,,Dolce come il miele,,Bello come il sole,,,,,,yes,"il significato dell'espressione non è strettamente predicibile dalla somma dei significati delle singole parole. nel caso di 'buono come il pane', ad esempio, non ci si riferisce al buon sapore di una persona ma al suo carattere mite. ",no,non ci sono anomalie dal punto di vista morfo-sintattico,yes,"il costrutto seleziona soltanto un particolare tipo di aggettivi, i qualificativi. 
L'ordine delle parole non può essere modificato.",yes,"l'espressione ha una tendenza statisticamente significativa a selezionare un tipo particolare di nome. Infatti, è preferibile usare un nome comune di cosa ma è anche possibile un nome proprio di persona.",yes,"l'espressione è riconosciuta dal parlante come convenzionalizzata, per tanto la tendenza sarà quella di selezionare il costrutto 'bello come il sole' e non 'carino come il sole'",Ilenia Passalacqua,
later_MWE,6,,V. parlare + prep. + N,"La Costruzione indica l'assenza di ascolto da parte del destinatario, ovvero l'azione del parlare senza essere ascoltati.",,,partially filled/schematic,Parlare al muro,,Parlare al vento,,Parlare ai sordi,,,,,,yes,"Perché il significato del costrutto non è strettamente deducibile: esso indica la vanità dell'azione del parlare, ma non individua, ad esempio nel muro, il vero e proprio interlocutore. ",no,Perché non ci sono anomalie morfosintattiche ,yes,Perché l'espressione ha una flessibilità limitata: lo slot N può essere riempito solo da un ristretto numero di nomi che veicolano l'idea di assenza di feedback. L'ordine delle parole. ,no,,yes,"Perché nonostante l'espressione possa essere formulata in vario modo( es. parlare alle pareti o parlare ai non udenti), il parlante la seleziona e la riconosce come convenzionalizzata. ",Giulia Chiara De Simone,
yes,7,Pseudo-coordination,prendere e V,(BEGIN TO) V {UNEXPECTEDLY | SUDDENLY | ABRUPTLY},"pseudocoordination, complex predicates, light verbs","aspect, inchoativity, mirativity",partially filled/schematic,"Ha aggiunto che da un po’ di tempo c’erano problemi, e che la situazione fra loro due era un po’ tesa, e che a volte capitava che sua moglie dopo una litigata particolarmente violenta dicesse che adesso si era stufata sul serio, prendesse e andasse via per un paio di giorni. Ma poi torna sempre, ha aggiunto. Purtroppo.",Corpus: CORIS,"E poi gli orsi non sono animali migratori, non assomigliano per niente alle rondini. Gli orsi vagabondano, sono animali erranti. Prendono e partono, e non è affatto detto che ritornino.",Corpus: CORIS,"Io e mio marito si litiga, chiaro, come tutte le coppie sposate di questo mondo. E ogni tanto salta la pazienza, anche perché l’ultima delle pensate che ha avuto, vero, lasciamo perdere. Ci siamo fatti ridere dietro da tutto il paese. E io ho preso e sono andata per i fatti miei.",Corpus: CORIS,[…] ogni tanto qualcuno chiama per un intervento e allora prendo su e vado a fare il mio dovere.,Corpus: CORIS,Ma magari prendo e mi vado a cercare una stanza in città.,Corpus: itWaC,yes,,no,,no,,yes,,no,,Francesca Masini,"It's an emerging construction, currently in evolution. Its use is not homogeneous among speakers: acceptance rates by speakers are variable (it seems to be slightly more accepted by speakers of non-Southern varieties)."
later_MWE,8,,"V. (andare) + prep. (a) + N. ( monte, rotoli, e catafascio)","La Costruzione indica non realizzarsi, non raggiungere lo scopo, fallire.",,,partially filled/schematic,Il nostro affare è andato a monte. ,https://aulalingue.scuola.zanichelli.it/benvenuti/2015/10/08/espressioni-idiomatiche-con-il-verbo-andare/ ,"Senza di lei, tutto andrà a rotoli.",https://it.glosbe.com/it/it/a%20rotoli ,"Niente stava più in piedi, tutto poteva andare a catafascio da un momento all’altro.",https://it.glosbe.com/it/it/andare%20a%20catafascio ,,,,,yes,"Perché il significato della Costruzione è convenzionale, cioè non prevedibile a partire dai significati dei singoli componenti. Tale indica finire in niente e non dar frutto.",no,,yes,"Perché l'espressione deve essere seguita da un nome al singolare tranne nel caso di ""rotoli"".",no,,yes,"Perché la Costruzione può essere formulata in vario modo, ma non si dice così nella lingua e suona molto male per il parlante nativo.",Shaimaa Elsayed Mohamed Salama Shakwa ,
yes,9,SIMIL- construction,[simil-[x]Xj]Xi,[APPROXIMATION of SEMj]i,"prefixation, affixoid","evaluative morphology, approximation",partially filled/schematic,[...] ci frequentiamo sempre più abitualmente e ci comportiamo come una simil-coppia  ,Corpus: itWaC,[…] ornando di luci simil-natalizie gli alberi.,Corpus: itWaC,La scelta è tra una mattonella di simil-pasta e un pollo plasticoso.,Corpus: itWaC,[...] personaggi simil-Humphrey Bogart in “Casablanca”,Corpus: CORIS,[...] pure io mi ero messo a simil studiare…,Corpus: itWaC,yes,,no,,yes,,yes,,no,,Francesca Masini,"The construction is instantiated by daughter-constructions, each of which has slightly distinct (albeit related) functions and more specific properties and collocational preferences."
no,10,,"V.inf stare + Prep.semp. con + Agg. due + N1 piedi + Prep.semp. in + Art. una + N2 scarpa
 ","Indica una sensazione di scomodità e costrizione, mediante metafora.
 ",semi fixity,context dependence,partially filled/schematic,"Giovanni è un ragazzo molto vivace, ma all'Accademia Militare deve stare con due piedi in una scarpa.",Frase venutami in mente.,,,,,,,,,no,,no,,yes,parlato colloquiale.,no,,no,,"Alcuna fonte citata, costruzione ed esempi pensati ed inseriti.","Il verbo può essere coniugato, mentre gli altri componenti della frase sono stabili e non possono essere modificati."
later_MWE,11,,"V+ADJ(numerale 2, 4)+N",Quantità indeterminata ma limitata dell'azione/stato espressi da V+N,light verbs,"vaghezza, indefinitezza, limitatezza",partially filled/schematic,(...) Purtroppo non abbiamo potuto fare due chiacchiere con loro ,Italian Web 2016 (itTenTen16),(...) E' bello uscire a fare quattro passi,Italian Web 2016 (itTenTen16),(...) Proviamo a fare due conti sulla scorta di alcune analisi condotte,Italian Web 2016 (itTenTen16),"
(...) per avere due soldi in più in tasca
",Italian Web 2016 (itTenTen16),,,yes,Il numerale non indica davvero la quantità che esprime,no,,yes,Solo numerali 2 e 4,no,,no,,Elena Coccoz,
no,12,,V.inf.parlare + Prepart.del + Agg. più + Cong. e + Prep.art.del + Agg. meno,"Parlare di qualcosa in generale, poco importante",reduplication,vagueness,partially filled/schematic,Ho incontrato un amico ed abbiamo parlato del più e del meno.,italiano colloquiale. ,,,,,,,,,no,,no,,yes,parlato colloquiale.,no,,no,,"Espressione pensata individualmente, alcuna fonte citata.","Il verbo può essere coniugato, ma gli aggettivi non possono essere sostituiti da altri. "
rev,13,,"più che mai + Adj
Variante: più + Adj + che mai",Funzione avverbiale: accresce il significato dell'aggettivo posto all'interno della costruzione,,intensification,partially filled/schematic,Il personal computer sarà più che mai semplice e standard.,Corpus: CORIS,La sua attrattiva è più viva che mai.,Corpus: CORIS,"Dopo quell'umiliazione, era più che mai deciso a non invitare nessuno.",Corpus: CORIS,Joss era dimagrito e sembrava più vulnerabile che mai.,Corpus: CORIS,Gli Stati Uniti hanno oggi un'occupazione più alta che mai.,Corpus: CORIS,no,,yes,Una parte della costruzione è fissa e non funzionerebbe se l'ordine dei costituenti fosse diverso.,yes,L'elemento che si inserisce nella costruzione - e che viene quindi modificato - è sempre un aggettivo.,no,,no,,Gina Saviano,
ID_5,14,,bello/a come Det N,"generalmente questa costruzione, che si presenta come una similitudine, viene usata al posto del superlativo assoluto “bellissimo/a” (detto di una persona) in modo da accentuare il complimento espresso  ",similutide,intensification,partially filled/schematic,"Aveva saputo per lettera che lontano, a casa, la giovane moglie gli aveva appena partorito un figlio bello come il sole",http://corpora.ficlit.unibo.it/TCORIS/Context.php?Start=29254770&End=29254770  ,Vede nelle fotografie e nei disegni la trasformazione di un giovane che era bello come un angelo in un uomo devastato dalla crudeltà ottusa dei suoi simili,http://corpora.ficlit.unibo.it/TCORIS/Context.php?Start=25633205&End=25633206  ,"Accidenti ... innamorarsi di un uomo bello come un dio , più ricco di Onassis , e con una Stanza Rossa delle Torture che mi aspetta",http://corpora.ficlit.unibo.it/TCORIS/Context.php?Start=50494567&End=50494568  ,,,,,no,"il significato complessivo dell’espressione è predicibile dalla somma dei significati delle parti costituenti. La predicibilità va ricollegata al fatto che si tratta di una similitudine, e come tale ritaglia un paragone tra due entità accomunate da una qualche caratteristica. Nella fattispecie, come si può notare dagli esempi raccolti, il paragone avviene con il sole, un angelo e un dio, che per definizione incarnano la bellezza suprema",no,la costruzione non presenta peculiarità sul piano sintattico,yes,"come si può notare dagli esempi forniti, all’interno della costruzione ci sono due slot strutturali fissi, ovvero quello riempito dall’aggettivo qualificativo “bello” (passibile di flessione) e quello riempito dalla congiunzione “come” (per innestare la similitudine). Le altre posizioni presentano una parziale flessibilità, in quanto il Det può essere sia definito che indefinito e il N può differire da contesto a contesto, anche se bisogna sempre lasciarne invariata la semantica positiva. In altre parole, non si può, per esempio, dire “bello come un morto”, perché in quel caso staremmo di fronte a un altro tipo di costruzione, con uno scopo diverso",yes,la costruzione predilige i nomi che presentano una semantica intrinsecamente positiva,yes,"l'espressione è più frequente rispetto ad altre forme altrettanto disponibili nel lessico mentale dei parlanti, ma viene preferita per la sua maggiore efficacia comunicativa. Inoltre, sebbene una espressione come ""bello/a come una stella"" è altrettanto ben formata e comprensibile, non è quella che viene effettivamente impiegata dai parlanti italofoni",Syria Imparato ,
,15,,piove + Avv di modo,l’espressione viene utilizzata per indicare una pioggia abbondante,modality,intensification,partially filled/schematic,"In qualche modo ricorda Quebec City per il "" vecchio "" del centro ma piove a dirotto per cui mi limito ad un giretto in macchina e , quando smette ad una non lunga passeggiata nel quartiere dei ristoranti , mercato all’aperto e negozi",http://corpora.ficlit.unibo.it/TCORIS/Context.php?Start=4853113&End=4853114  ,«Devo uscire di qui.» « Ma piove a catinelle » protesta Rafi,http://corpora.ficlit.unibo.it/TCORIS/Context.php?Start=153771509&End=153771510,Può lambire gli immensi ficus su cui il sole piove a cascate in piazza Marina e sentire l'odore del mare impregnare le pietre di tufo,http://corpora.ficlit.unibo.it/TCORIS/Context.php?Start=57218135&End=57218136  ,,,,,no,non è idiomatica perché il significato dell’espressione è deducibile dalla somma dei significati dei componenti che la costituiscono,no,non presenta anomalie dal punto di vista sintattico,yes,il verbo deve essere impersonale e selezionare necessariamente una locuzione avverbiale di modo,yes,"come testimoniato nel corpus di riferimento, il verbo occorre unicamente con tre espressioni di modo quali “a catinelle”, “a dirotto”, “a cascate”",yes,"è un’espressione utilizzata di frequente dai parlanti nativi per descrivere abbondanti piogge. Viene utilizzata al posto di espressioni come: “piove tanto”, “piove abbondantemente”, per porre l’enfasi sul concetto di abbondanza. L’espressione infatti risulta più intuitiva e più efficace.  ",Gloria Fioroni,
,16,,,"locuzione avverbiale che ha il significato di “molto celermente”. Sostituisce quest’ultima espressione per porre enfasi sul concetto di velocità, ulteriormente espresso dal ritmo con cui si pronuncia la costruzione, che è di fatto composta in maggioranza da parole monosillabiche (salvo “dica”)",complex adverb,intensification,lexically filled,"Non c'era nemmeno una panchina in giro per riposarmi un po', così mi sedetti per terra appoggiando la schiena contro un albero del viale e come mi succedeva spesso ultimamente mi ritrovai nel mondo dei sogni in men che non si dica",http://corpora.ficlit.unibo.it/TCORIS/Context.php?Start=21030163&End=21030163,Questa fase però svanirà in men che non si dica,http://corpora.ficlit.unibo.it/TCORIS/Context.php?Start=9366602&End=9366602 ,"Ma Petruccioli non sente ragioni e mette subito all'ordine del giorno la votazione, bruciando così il rivale in men che non si dica",http://corpora.ficlit.unibo.it/TCORIS/Context.php?Start=28773534&End=28773534,"Dal fuoristrada, in men che non si dica scesero quattro ragazzi",http://corpora.ficlit.unibo.it/TCORIS/Context.php?Start=22292401&End=22292401 ,"Quella strada lo avrebbe rapidamente immesso sulla statale e poi, in men che non si dica , lui si sarebbe ritrovato nei pressi della stradina che conduceva al Colle dello Scopatore",http://corpora.ficlit.unibo.it/TCORIS/Context.php?Start=30535272&End=30535272,no,il significato dell’espressione è facilmente intuibile a partire dalla somma dei significati assunti dai vari componenti che la costituiscono,yes,"la costruzione si presenta come anomala rispetto alle regole morfosintattiche dell'italiano a causa di una ellissi di natura frasale. Di fatti, è del tutto assente parte della comparazione tra i due termini della costruzione, che potrebbe essere così parafrasata ""in meno tempo rispetto a quello che si impiegherebbe a dir(lo)"".",yes,"l’espressione è totalmente fissa, ossia è vincolata a determinati slot strutturali. Tuttavia, è possibile rintracciare una forma analoga come “in men che non si immagini”, dove il verbo “dire” viene sostituito da “immaginare”. In ogni caso, il verbo è sempre coniugato alla terza persona singolare del congiuntivo presente, tant'è che un'espressione come *""In men che non si dice/dicono/..."" è agrammaticale",yes,"nella stragrande maggioranza dei casi, la prima parte della costruzione, verosimilmente quella formata da “in men che non si”, è accompagnata dal verbo “dire”",yes,"la costruzione viene di solito preferita a forme funzionalmente corrispondenti quali, per esempio, “molto celermente, molto in fretta, all’istante”, per la sua maggiore intensità in termini di effetto sull’interlocutore. Sembra infatti che porti con sé un senso di velocità più esplicito rispetto a quello che espressioni analoghe possano veicolare",Syria Imparato,"La costruzione predilige la forma verbale ""dica"", ma in un esempio tratto dal CORIS è stato rintracciato un esempio in cui compare la forma verbale ""immagini"". Si riporta di seguito l'esempio:
In  non s ' immagini , ci porge due foglietti e un pastello rosso : "" Identikit , prego "" 
http://corpora.ficlit.unibo.it/TCORIS/Context.php?Start=20919156&End=20919157"
,17,,"Adv1 Conj Adv2
prima o poi","Funzione temporale.
Inserisce l'evento in un arco temporale non definito.",complex adverb,"vagueness, indefinitezza",lexically filled,Prima o poi una gioia!,Una conversazione informale con una mia amica.,"Oppure, prima o poi, la gravità avrà la meglio su galassie e materia e inzierà il collasso.",Corpus: CORIS,Sapevo che prima o poi sarebbe arrivato: questo gol è importante per l'ambiente oltre che per me.,Corpus: CORIS,Magari prima o poi anche lei sarebbe voluta fuggire.,Corpus: CORIS,Ma ci sarà giustizia prima o poi.,Corpus: CORIS,no,Parzialmente deducibile dalle parti della costruzione. Sia prima sia poi sono avverbi di tempo che sono uniti da una congiuzione disgiuntiva.,yes,"La costruzione non può essere modificata, né nell'ordine delle parti né dall'aggiunta di altri elementi all'interno dell'espressione.",no,,no,,no,,Gina Saviano,"Nella consultazione del corpus CORIS ho notato che la costruzione si ripete spesso con verbi del tipo ""sarebbe"", ""avrebbe"", ""dovrà"", ""arriverà"" che rafforzano il grado di incertezza già intrinseco dell'espressione."
,18,,Prepx + Avv/Sostx + Prepy+ Avv/Sosty,Il costrutto indica la modalità o il tempo di svolgimento di un'azione,repetition,"action, time",partially filled/schematic,"Un' amicizia che a poco a poco diventa fratellanza espansa, in una Gerusalemme di contrasti laceranti, di agguati a colpi di sassi e di proiettili.",http://corpora.ficlit.unibo.it/TCORIS/Context.php?Start=149376816&End=149376819,"Tanis guardò sopra la testa di lei, puntando gli occhi sulla porta decorata attraverso la quale sarebbero entrati quando fosse giunto il loro turno, contemplando con uno sgomento che non riusciva a nascondere lo spettacolo, a mano a mano che si dispiegava davanti_ai suoi occhi.",http://corpora.ficlit.unibo.it/TCORIS/Context.php?Start=83014793&End=83014796,"Normalmente la mucosa epiteliale orofaringea funge da barriera per il batterio, ma di tanto in tanto l'equilibrio può venir meno, così da consentire lo sviluppo di una grave infezione.",http://corpora.ficlit.unibo.it/TCORIS/Context.php?Start=91871784&End=91871787,"Per la prima volta dopo tanto tempo, pensò, si trovava a faccia a faccia con una donna che non desiderava niente da lui .",http://corpora.ficlit.unibo.it/TCORIS/Context.php?Start=82562945&End=82562948,"...le cose potrebbero andare di male in peggio, meglio dunque provvedere all'istante.",http://corpora.ficlit.unibo.it/TCORIS/Context.php?Start=11680488&End=11680491,no,,yes,"Nella costruzione l'ordine dei costituenti non puo' essere modificato salvo casi in cui la preposizione/avverbio/sostantivo è ripetuta/o, es: a mano a mano; a poco a poco ma non di tanto in tanto.",no,,yes,"La costruzione prevede l'alternanza di una preposizione e di un avverbio/sostantivo, che possono o meno variare nella forma, es.
a faccia a faccia (mancanza di variazione durante la ripetizione della preposizione e del sostantivo);
di tanto in tanto (variazione della preposizione, ma non dell'avverbio);
di male in peggio (variazione della preposizione e dell'avverbio)",no,,Nunziatina Petrelli,
,19,,Fare + Vinf + prep. + qlcn,Porre qualcuno in una situazione di ricezione di un'informazione,light verbs,,partially filled/schematic,"Anzi , visto che ci sei , va ' a casa a far ammirare a tua madre la nuova pettinatura",CORIS,Tenevano tutti in mano la macchina fotografica o la videocamera che puntavano in continuazione a destra e sinistra nel tentativo di ottenere immagini esclusive da far vedere agli amici ,CORIS,,,,,,,yes,Il significato della costruzione non è immediatamente deducibile dalle parti,no,,no,,yes,I Vinf devono essere tendenzialmente verbi di percezione,no,,Giorgia Zantei,
,20,,prendersi + N+Prep +N/V/Pron,costruzione utilizzata per indicare una persona che si attribuisce in autonomia la responsabilità di qualcuno o di svolgere una specifica azione,light verbs,,partially filled/schematic,Possa Egli prendersi cura di noi in modo che insieme possiamo godere dei frutti delle sacre scritture,http://corpora.ficlit.unibo.it/TCORIS/Context.php?Start=2960907&End=2960907,Per questo il Sistema sanitario nazionale deve prendersi carico della sua disassuefazione,http://corpora.ficlit.unibo.it/TCORIS/Context.php?Start=16430316&End=16430316,"Il motivo sta nella diminuzione del numero di bambini , nell'emergere di nuove opzioni per prendersi cura dei bambini in modo nuovo , nel prolungamento del congedo genitoriale ( in Slovacchia ) ma anche nelle inasprite tariffe dei servizi",http://corpora.ficlit.unibo.it/TCORIS/Context.php?Start=19735931&End=19735931,"Per questo i vescovi, personalmente o per mezzo di delegati, devono prendersi cura di promuovere l'arte sacra, antica e moderna, in tutte le sue forme, e di tenere lontano con il medesimo zelo, dalla Liturgia e dagli edifici del culto, tutto ciò che non è conforme alla verità della fede e all'autentica bellezza dell'arte sacra",http://corpora.ficlit.unibo.it/TCORIS/Context.php?Start=11363672&End=11363672 ,,,no,il significato complessivo della costruzione è deducibile dalla somma dei significati delle parti componenti,no,all’interno della costruzione non sono presenti anomalie dal punto di vista sintattico,yes,il verbo deve necessariamente essere “prender(si)”; la semantica del nome deve veicolare il concetto di responsabilità; la preposizione non può essere omessa,yes,"la costruzione predilige sempre le seguenti categorie grammaticali: N, Pron, V",yes,l’espressione viene preferita ad altre equivalenti anche per rimarcare l’idea di premura verso qualcosa o qualcuno,Gloria Fioroni,
,21,,"V1 + prep + V2
andare a + V","Mette in evidenza il V2, creando delle semantiche diverse:
- Indica l'imminenza dell'evento espresso dal V2 
- Indica lo stato in luogo di qualcosa (es. n°1)
Il verbo andare è semanticamente vuoto.",light verbs,,partially filled/schematic,Porta a toppa - Una porta le cui coste vanno a coprire i bordi della carcassa quando è chiusa.,Corpus: CORIS,Andiamo a vederei la sua seconda pagina.,Corpus: CORIS,"[...] Si va a gestire, in qualche modo, qualcosa che poi tocca [...] e che condiziona la vita.",Corpus: CORIS,"[...] Dice Santina Vinciguerra [...] ""tra qualche settimana andremo a verificare"".",Corpus: CORIS,,,yes,"La semantica della costruzione non è deducibile dalle parti. Il verbo andare perde il suo significato pieno, diventando un verbo leggero.",no,,no,,no,,no,,Gina Saviano,"Frequentemente il V2 è vedere e andare è coniugato alla prima persona plurale, quasi a sottolineare la collettività dell'evento espresso."
,22,,non avere-TNS uno straccio di Nsg,La costruzione enfatizza il mancato possesso di un'entità concreta o astratta.,complex predicates,intensification,partially filled/schematic,"Intanto, però, non ha uno straccio di prova contro nessuno.","http://corpora.ficlit.unibo.it/TCORIS/Wrapper.php
",Ho superato i trenta e non ho uno straccio di donna. ,http://corpora.ficlit.unibo.it/TCORIS/Wrapper.php,George non aveva uno straccio di autorità sul personale.,http://corpora.ficlit.unibo.it/TCORIS/Wrapper.php,se vogliamo essere più esatti non abbiamo uno straccio di spiegazione. ,http://corpora.ficlit.unibo.it/TCORIS/Wrapper.php,da ormai due anni  lavoro in questo paese.,http://corpora.ficlit.unibo.it/TCORIS/Wrapper.php,yes,"La costruzione è idiomatica a livello di funzione perchè il suo significato, pur essendo abbastanza trasparente, non è composizionale.",no,,yes,"La costruzione presenta alcune restrizioni formali: il nome straccio deve comparire necessariamente al singolare, può essere accompagnato solo dall'articolo indeterminativo uno e non può essere modificato, mentre N deve essere un nome singolare senza alcun determinante, che può però avere dei modificatori. ",yes,"N può riferirsi sia a oggetti concreti (documento, laurea, cartello...) che a concetti più astratti (immaginazione, risposta, ragione...). Penso ci siano preferenze collocazionali in quanto ci sono alcuni nomi che non possono occupare la posizione di N.",yes,,Eva Brunetti Busetto,
,23,,"Mettere + in chiaro + X
Alternativa: Mettere + X + in chiaro","Fornire una spiegazione/delucidazione su qualcosa di già avviato o avvenuto, di cui l'interlocutore è a conoscenza, seppure in modo non del tutto veritiero.Generalmente, al fine di evitare fraintendimenti e/o con valore imperativo, di minaccia.",,,partially filled/schematic,Mettiamo in chiaro le cose: tu da questa stanza non esci finchè non mi spieghi che cos'hai!,,Devo mettere le cose in chiaro: non posso più rischiare che Marco lo scopra.,,Deve mettere in chiaro le sue intenzioni una volta per tutte!,,,,,,yes,"Il significato non è composizionale, dunque non deducibile unicamente a partire dai singoli componenti lessicali.",yes,"Il verbo ""mettere"" generalmente presuppone la presenza di un oggetto e di un luogo ove posizionare l'oggetto. In questo caso, non compare l'inserzione di un complemento di luogo: ""in chiaro"" è una espressione convenzionalmente costituita.",yes,"Il verbo che può comparire è soltanto ""mettere"", a sua volta associato unicamente all'espressione ""in chiaro"".V e ""in chiaro"" possono sia trovarsi accostati l'uno all'altro, sia ospitare l'X, l'oggetto, fra di essi.",yes,"X predilige concetti generici, non specificati come: ""la situazione"", ""le cose"", ""le (mie, sue) intenzioni"".",no,,Teresa Franceschi,
,24,,Adj1+Adj2,"Costruzione utilizzata prevalentemente nell'italiano parlato e nel baby talking. La ripetizione dello stesso aggettivo va a rafforzarlo, intensificarlo e chiarirlo. ",repetition,intensification,partially filled/schematic,Bevi piano piano che è fredda,Conversazioni del quotidiano,Se mi abbracci forte forte ti porto al parco,Conversazioni del quotidiano,Mi vuoi bene? Tanto tanto. ,Conversazione mamma-bambino,,,,,yes,Rafforza il significato dell'aggettivo in questione. ,no,,yes,"L'espressione è utilizzata in determinati contesti, solitamente familiari e/o intimi, informali. Solitamente uno dei due partecipanti è un bambino, dato che questa costruzione presuppone un certo tipo di ""tenerezza"". ",no,,yes,L'espressione viene usata solo con un alto grado di familiarità tra gli interlocutori. ,Luciana Di Matteo,
rev,25,,[Che/Cosa/Che cosa [(Obj1) (Obj2) [XV [a fare] ],"La costruzione si configura come domanda retorica che esprime irritazione o critica relativamente all'azione espressa dal verbo flesso, ritenuta inutile o superflua.",WXDY - What’s X doing Y construction,"USELESSNESS, IRRITATION, INTERROGATIVE, EMOTIVE, CRITICISM",partially filled/schematic,Ma che ti lamenti a fare con i voti che hai?,Forum di matematicamente.it 07.10.2015,Ma cosa piangi a fare? Mica pensavi di vincere eh?,sampdoria.forum.free.it 27.10.2020,Allora che me lo dici a fare? Vacci e non rompere.,Forum di riflessioni.it 30.09.2007,Vingenzo (sic) ma che te la prendi a fare così seriamente?  ,forum.metal.it 28.05.2021,Ma cosa fai a fare tutte (sic) quella roba lì che siamo solo noi?,matrimonio.alfemminile.com 14.04.2006,yes,"Seppur non nell'assoluta totalità dei casi, un costrutto privato della costituente invariabile a fare risulterebbe incompleto o incomprensibile: Ma che ti lamenti? potrebbe sostituire Ma che ti lamenti a fare? senza perdita di efficacia semantico-pragmatica. Al contrario, l'interrogativa Cosa studi? non può sostituire Cosa studi a fare? poiché in questo caso la rimozione della costituente invariabile della costruzione priverebbe totalmente il costrutto della sua portata semantica, originando di fatto una frase con grado zero di retoricità da comprendersi alla lettera. ",yes,"La costruzione presenta due elementi fissi: l'argomento invariabile a fare, e il pronome interrogativo espresso variabilmente da che/cosa/che cosa.",yes,La costruzione prevede la presenza obbligatoria di un verbo flesso che precede immediatamente la costituente invariabile a fare.,yes,"Il verbo flesso della costruzione è preceduto frequentemente da uno o due pronomi personali con funzione di complemento di termine e complemento oggetto (es. 3).
Il pronome interrogativo è di frequente preceduto dalla congiunzione avversativa  ma e dall'avverbio allora (rispettivamente, ess. 1,2,5, e es. 3.).
Il costutto è spesso seguito da una frase preposizionale collegata al verbo che assume funzione di complemento e/o da una proposizione condizionale che indica le ragioni di irritazione connesse all'azione espressa da XV  (Cosa mi chiedi a fare di uscire se poi nei giorni seguenti non mi vuoi neanche sentire e tanto meno lasciarmi un sempice numero di cellulare?).
 
 
 
 ",no,,Matilde Secchi,"La costruzione è menzionata in Imperiale, Riccardo, Schafroth, Elmar. ""Fraseologia italiana basata sull’uso: lessicografia digitale per apprendenti tra la frame semantics e la grammatica delle costruzioni."" Italiano LinguaDue 11.1, 2019, pp. 1-28 e analizzata più dettagliatamente in Schafroth, Elmar. ""How constructions should be dealt with in learners’ lexicography–illustrated for the Italian language."" Proceedings of the International Conference “Constructionist Approaches to Language Pedagogy”, Nov. 2013, pp. 1-10."
,26,,Avere + le mani legate,"Esprime un'impossibilità d'agire, di modificare qualcosa, di migliorare una situazione. ",complex predicates,,lexically filled,Ho le mani legate. Non posso fare niente per aiutare Claudia. ,,,,,,,,,,yes,Il significato del sintagma non è automaticamente interpretabile se non da parlanti nativi che siano in possesso della locuzione e del suo significato. L'espressione non è interpretabile se non in riferimento ad una precisa situazione comunicativa che riesca ad esplicitarne il senso. ,no,L'espressione non viola alcuna regola sintattica. ,yes,Si tratta di un idioma fully filled: è unicamente possibile la flessione verbale del verbo Avere. ,yes,Espressione convenzionalizzata in situazioni comunicative colloquiali. ,yes,,Silvia Lomuscio ,
,27,,,"Espressione di parole che obbediscono alle regole sintattiche della lingua ma sono a statuto speciale e non create liberamente. Idiomatica che indica la conseguenza che un determinata azione (nella maggior parte dei casi negativa) ha sugli altri, mette in guardia riguardo qualcosa che può accadere. ",,,fully schematic,,,,,,,,,,,no,,no,,no,,no,,no,,,
,28,,Mandare all'aria - (Det) - (Agg) - N,"Espressione utilizzata per indicare che ""X"" vanifica o causa il fallimento di ""Y"" espresso da N ",,,partially filled/schematic,In fondo è bastato negli ultimi concorsi il sorteggio dei commissari per mandare all' aria le strategie e gli accordi stipulati. ,ITALIAN WEB 2016 (ITTENTEN16) Sketch Engine ,Potrete mangiare fuori tutte le volte che vorrete senza dover rinunciare agli inviti fuori casa per paura di mandare all' aria la dieta.,ITALIAN WEB 2016 (ITTENTEN16) Sketch Engine ,Si preannunciava l'arrivo di 300-400 ultrà serbi con l'obiettivo infiltrarsi tra gli altri tifosi e mandare all' aria la partita. ,ITALIAN WEB 2016 (ITTENTEN16) Sketch Engine ,"Ma quello che non capisco è che non riesco neanche a pensare ai rischi che corro comportandomi così, alla possibilità di mandare all' aria una bellissima storia a causa delle mie paure. ",ITALIAN WEB 2016 (ITTENTEN16) Sketch Engine ,Quando mandò all' aria la tournée combinatagli da George Wein disse soltanto che non se la sentiva.,ITALIAN WEB 2016 (ITTENTEN16) Sketch Engine ,yes,"La costruzione assume il significato traslato di rendere vano qualcosa, compromettere un programma, impedirne la realizzazione. ",no,,yes,"A livello sintattico la costruzione presenta delle restrizioni: 
- N può essere sia posposto che interposto 
- N può essere preceduto da un aggettivo
- la preposizione articolata ""all"" può essere sostituita dalla preposizione semplice ""per"" nella variante 
- talvolta N può essere sostituito dall'aggettivo indefinito ""tutto"" che può essere  interposto o posposto
Anche a livello semantico la costruzione presenta delle restrizioni perché la posizione N può essere riempita solo da alcune parole. N è generalmente un nome comune singolare o plurale, non può riferirsi a persona ma può indicare sia un referente concreto che un referente astratto. ",no,,yes,La costruzione viene solitamente utilizzata nel parlato e in contesti informali. ,Francesca Donadio,
,29,,"è l'ennesima/o + N che + V
V(esserefless) + Det + N + N + Pron. Rel + V(fless)",è usata comunemente come espressione per indicare che stai facendo quell'azione per un numero di volte altissimo (iperbole).,minimally filled idiom,"intensification, IRRITATION, CRITICISM, disappointment",partially filled/schematic,è l'ennesima volta che te lo dico,Italiano colloquiale,è l'ennesima scusa che usi,Italiano colloquiale,è l'ennesimo tentativo che faccio,Treccani online,è l'ennesima prova che Nortan amplia costantemente la propria gamma di prodotti ,Italian Web 2016 (itTenTen16),è solamente l'ennesima rotazione ciclica dei mercati che nessuno può prevedere ,Italian Web 2016 (itTenTen16),no,,no,,no,,no,,yes,Usato per veicolare irritazione e frustrazione da parte del parlante nel ripetere una cosa/azione per quelle che sembrano infinite volte - iperbole.,Arianna Vallorani,
,30,,"A scanso di X
Prep a + N scanso + Prep di + X
X --> N;  Det+ N; Det+Adj+N;  Det1 + Det2 + Adj1 + Adj2 + N; ...","La costruzione è utilizzata per prevenire, evitare o eliminare l'ipotesi che X si verifichi. ","Substantive idiom, unfamiliar piece, unfamiliarly rearranged",,partially filled/schematic,"(A scanso di + N)
A scanso di equivoci , va detto che la scalata di Infront al campionato italiano è tutt ' altro che ostile. ","(corpus) CORIS
http://corpora.ficlit.unibo.it/TCORIS/Context.php?Start=47534312&End=47534312","(A scanso di + Adj + N)
Lo fece con la massima attenzione , a scanso di brutte figure.
 ","(corpus) CORIS : 
http://corpora.ficlit.unibo.it/TCORIS/Context.php?Start=154151025&End=154151025","(A scanso + Adv + di + Det + Adj + N)
E Livio, a scanso giustamente di ogni antiquato razzismo, ha sbaragliato un’agguerrita concorrenza[...]","(corpus) Paisà corpus dell'italiano: 
https://www.corpusitaliano.it/static/documents/sources/781/7813724","(A scanso di + Det + Adj + N)
A scanso di ogni possibile equivoco, lo slogan è preceduto dall’inciso ""per queste cause"" (""a ces causes"").","(corpus) Paisà corpus dell'italiano: 
https://www.corpusitaliano.it/static/documents/sources/119/1193940","( A scanso di + Det + Adv + Adj + Adj + N)
A scanso di un non auspicato “sad ending” per la storia Saab, il modello dovrebbe essere presentato nel corso del prossimo autunno:","(corpus) Paisà corpus dell'italiano: 
https://www.corpusitaliano.it/static/documents/sources/730/7306809",no,,yes,"Il sostantivo maschile ""scanso"" in forma nominale è una forma anomala poichè utilizzato solo nella locuzione ""A scanso di"". Non esistono (o non sono utilizzate) frasi come ""Lo scanso di Marco nei confronti di Laura o ""La volontà di scanso di questa possibilità"" (risultano non accettabili e non appropriate)...",no,,yes,"- utilizzata prevalentemente nella forma ""A scanso di + Npl"" dove N= equivoci. 
- Generalmente N chiude la costruzione (vedi esempi dai corpora). Si possono tuttavia trovare forme come ""A scanso di chiusura dello stabilimento monzese[...]"" (Corpus CORIS http://corpora.ficlit.unibo.it/TCORIS/Context.php?Start=1746810&End=1746810 ) --> dove troviamo ""A scanso di + N + Prepart + N + Adj"" 
- Preferibilmente, N è un nome con una semantica che esprime sfumature di significato negative (equivoci; dubbi; malintesi; errori; guai; polemiche ecc.) proprio in virtù della valenza dell'intera costruzione.",yes,"particolarmente usato - e preferito- in incisi nel linguaggio colloquiale e giornalistico, è ad alto uso quando si vuole scongiurare la teorica eventualità che qualcosa si verifichi. Parzialmente produttivo.",Marco Obino,
,31,,saltare+ N,il verbo saltare non è utilizzato con il suo valore semantico di darsi una spinta verso l'alto bensì indica un'azione che è non è verificata volontariamente o no,,,lexically filled,"Saltare i pasti 
 ","https://www.tuobenessere.it/saltare-i-pasti-cosa-comporta-per-l-organismo/#:~:text=Saltare%20i%20pasti%2C%20purch%C3%A9%20in%20maniera%20sporadica%2C%20pu%C3%B2,i%20liquidi%2C%20donandoci%20una%20piacevole%20sensazione%20di%20leggerezza.","saltare la corrente 
 ",https://luce-gas.it/guida/contatore/salta-la-corrente,saltare la lezione ,"https://www.wikihow.it/Saltare-una-Lezione#:~:text=%20Consigli%20%201%20Se%20vuoi%20saltare%20una,lontano%20dall%27ingresso%20e%20dalle%20telecamere%20che...%20More%20",saltare i piani ,https://www.informazione.it/a/647B53E6-51D8-4509-B6BC-8E3C279F1357/Calciomercato-Inter-il-PSG-fa-saltare-i-piani-nerazzurri-un-Big-dice-addio,,,yes,,no,,no,,no,,no,,Martina Marrocco,
,32,,"Adv/Pronint/Adjint+ V+ già 
Adv/Pronint/Adjint+ V1+ che+V2+ già",costruzione che il parlante utilizza per riferirsi qualcosa che già sa ma che vuole che l'interlocutore gli ricordi perché in quel momento non gli sovviene,,INTERROGATIVE,partially filled/schematic,"""Cos'è già che mi dicevi ieri?"" (= mi ricordo che abbiamo parlato, ma non ricordo con precisione cosa mi hai detto)",Esempio proposto da me in: https://docs.google.com/forms/d/1qCaY3q50Aoxaze0p0IAug1DG6d64yfSc5qVdbfXpkYI/edit?usp=sharing,"""Cosa hai cucinato già per pranzo?"" (=mi hai detto cosa avresti cucinato ma in questo momento mi sfugge)",Dalle risposte al form: https://docs.google.com/forms/d/1qCaY3q50Aoxaze0p0IAug1DG6d64yfSc5qVdbfXpkYI/edit?usp=sharing ,"""Dov'era già che l'avevamo visto?""",Dalle risposte al form: https://docs.google.com/forms/d/1qCaY3q50Aoxaze0p0IAug1DG6d64yfSc5qVdbfXpkYI/edit?usp=sharing ,"""Com'è che si chiama già quel posto dove hai mangiato bene?""",Dalle risposte al form: https://docs.google.com/forms/d/1qCaY3q50Aoxaze0p0IAug1DG6d64yfSc5qVdbfXpkYI/edit?usp=sharing ,"""Raga ma di cos'è che parlavamo ieri già?""",Dalle risposte al form: https://docs.google.com/forms/d/1qCaY3q50Aoxaze0p0IAug1DG6d64yfSc5qVdbfXpkYI/edit?usp=sharing ,yes,"Anche se la domanda risulta comprensibile, il l'avverbio già appare a chi ascolta fuori contesto e non è possibile collegarlo immediatamente alla domanda.",no,,yes,già deve essere inserito appena dopo V1 o V2,no,,yes,"Questa costruzione è utilizzata nella maggior parte dei casi in contesti familiari e informali. Inoltre, sembra essere diffusa solo a Nord (Piemonte ed Emilia Romagna soprattutto) risultando molto insolita agli altri parlanti.",Rita Caputo ,
,33,,a occhio e croce,"espressione comunemente usata per indicare misurazioni o valutazioni non perfettamente precise, basate su uno sguardo non approfondito",approximation/ valuation,generalizing,fully schematic,"Non parlo per sentito dire , ma per esperienza diretta . Da quando dirigo giornali , praticamente trascorro più tempo in tribunale che in redazione ; a occhio e

, credo di aver felicemente superato le trecento querele e conto , entro l ' anno , di sfondare quota quattrocento",http://corpora.ficlit.unibo.it/TCORIS/Context.php?Start=114830445&End=114830445,"Consulterò il mio legale , ma così a

e croce ( anche_se entro il 20 non arriva una decisione del Duce ) credo che NON mi convenga dimettermi , anche perché una motivazione simile mi aiuterebbe a trovar lavoro in America",http://corpora.ficlit.unibo.it/TCORIS/Context.php?Start=16760742&End=16760742,"Questo disse a occhio e

per ore , ossessivamente , spalancando gli occhi , torcendo la bocca .",http://corpora.ficlit.unibo.it/TCORIS/Context.php?Start=155333650&End=155333650,,,,,no,"Il significato dell'espressione è comprensibile dalla somma dei costituenti, non dalle singole parti.",no,la costruzione non presenta particolarità sintattiche,yes,L'intera costruzione è costituita da slot fissi.,yes,,yes,,Francesca Ianni',
,34,,neanche per + N(sogno/idea/scherzo),"Serve ad esprimere in modo enfatico la negazione di qualcosa (o in risposta ad una domanda o in aggiunta a ""non"" in una dichiarativa), anche con funzione pragmatica di comunicare sdegno e disapprovazione. ",complex adverb,intensification,partially filled/schematic,"- Non è mica un posto normale e comune, neanche per sogno. Lì vive il mostro che devo inventare ...",Corpus CORIS,Un fantasma ti dice chiaro e tondo che la vita ultraterrena che t'immagini non esiste neanche per idea: anche da morto torni sui tuoi passi.,Corpus CORIS,"Si chiama Ettore, ma ha un tallone d'Achille: non gli toccate neanche per scherzo la sua piccola grande cooperativa.",Corpus CORIS,«Tutte le sere mi infilava biglietto sotto porta: forse signorina si è pochino ammorbidita ? E io: neanche per sogno!»,Corpus CORIS ,"Lella Costa, attrice milanese, si inalbera: "" Votare per quella buffonata ? Ma neanche per idea"".",Corpus CORIS,yes,"Il suo significato rafforzativo della negazione, soprattutto nei casi in cui è utilizzato per esprimere lo sdegno o la ritrosia del parlante di fronte a qualcosa, non è dato dal significato letterale di neanche+per+sogno(/idea/scherzo), cioè ""(qualcosa che non avviene/esiste) nemmeno in un sogno, in un'idea, in uno scherzo"". ",no,,yes,"N deve essere per forza una parola di una lista determinata, non può essere un qualsiasi sostantivo; in particolare, ciò che accomuna i sostantivi accettati, a livello semantico, è il fatto di essere un risultato dell'attività del pensiero, un frutto della mente umana (idea, sogno, scherzo...). ",no,,no,,Emanuela De Vita ,"Costruzione molto simile nella forma (relazione di sottoparte?): neanche per + Det. + N(attimo/istante/minuto/momento/secondo...) -> significato leggermente diverso, implica l'idea di temporalità e si può sostituire con ""mai"". "
,35,,mettere su + N,"Il verbo mettere non è usato nella sua semantica di collocare qualcosa in un determinato posto, ma con il significato di allestire, formare, organizzare",,,partially filled/schematic,Damon sembrava molto determinato a  un bello spettacolo per il maggiordomo,http://corpora.ficlit.unibo.it/TCORIS/Context.php?Start=39302733&End=39302734,"Così , avete intenzione di  presto famiglia ?",http://corpora.ficlit.unibo.it/TCORIS/Context.php?Start=31153106&End=31153107,pensavano di  casa a Tokyo,http://corpora.ficlit.unibo.it/TCORIS/Context.php?Start=86659066&End=86659067,E ormai non c ' è banca d ' investimento che non stia pensando di  un proprio team di esperti .,http://corpora.ficlit.unibo.it/TCORIS/Context.php?Start=148508510&End=148508511,"Sto pensando per fine gennaio , inizio febbraio 2021 di  un incontro online ",http://corpora.ficlit.unibo.it/TCORIS/Context.php?Start=164455998&End=164455999,yes,"Il significato generale della costruzione non è deducibile dalle sue componenti. Il verbo mettere ha il significato di collocare, posare; la preposizione su è usata come sinonimo di sopra",no,,no,,no,,yes,"L'espressione viene frequentemente usata dai parlanti nativi con il significato di allestire, organizzare",Valentina Fantini,
,36,,"V + Avv (-mente)
anche ordine inverso:Avv(-mente) + V","informazione di modo (accessoria) agggiunta al verbo, la cui ricorrenza è determinata dal verbo stesso.  ",-mente,modalità dell'azione,partially filled/schematic,"Desiderare ardentemente
A causa del suo indiscreto comportamento il fratello Giorgio III non le permise di tornare in Inghilterra, cosa che lei desiderava ardentemente.",https://www.corpusitaliano.it/static/documents/sources/171/1718652,"pentirsi amaramente
Così Frodo, indossato l'anello, si dà alla fuga, sottraendosi alla vista dello stupefatto Boromir. Boromir si pente amaramente del suo gesto, ma ormai è troppo tardi: Frodo è sparito.",https://www.corpusitaliano.it/static/documents/sources/020/0207921,"rifiutarsi categoricamente
Il Montesecco però, che non era un sicario ma un condottiero, si rifiutò categoricamente di compiere un atto tanto efferato",https://www.corpusitaliano.it/static/documents/sources/067/0675036,"Dubitare fortementeCon l'inizio dell'Opričnina, tuttavia, Ivan riprese a dubitare fortemente sulla lealtà del cugino.",https://www.corpusitaliano.it/static/documents/sources/078/0786729,"dimenticare completamente
a volte si seppellisce quella parte di se stessi così profondamente che ci si dimentica che invece è ancora lì, e a volte si vorrebbe semplicemente dimenticare completamente chi si è.
 ",https://www.corpusitaliano.it/static/documents/sources/108/1082566,yes,"Nell'esempio 'dubitare fortemente', l'avverbio ha significato completamente idiomatico, un dubbio non può essere forte se ci riferiamo alla classica accezione di forte come dotato di forza fisica. Riguarda in questo caso l'intensità del dubbio. 
Così anche in 'desiderare ardentemnte' (dove ad ardere è la fiamma metaforica del desiderio visto come un fuoco che tutto devasta) e 'pentirsi amaramemte' (in cui è amaro metaforicamente il pentimento) e 'rifiutarsi categoricamente'.",yes,"Non ci possono essere interpolazioni all'interno della costruzione. Tuttavia, è possibile l'ordine inverso (avv +V). inoltre la ricorrenza non è fissa. Ad esempio un avverbio come 'categoricamente' ricorre anche con verbi come 'escludere', 'smentirsi', 'proibire'.
https://www.corpusitaliano.it/it/access/simple_interface.php ",no,,no,,no,,Martina Saccomando,
,37,,"Art. indet.+N1+ Prep. ""di"" semplice o articolata + N2","Modo di dire per esaltare le qualità, positive o negative, di una persona, un luogo,  un oggetto. Possiamo trovare questa costruzione sia nel registro informale che formale, a seconda dell'espressione utilizzata.",,,partially filled/schematic, La strategia attuata nell’ambito del programma MINERVA [...] costituisce [...] anche una fonte di idee e ispirazione per gli altri Stati membri dell’Unione.,https://www.europarl.europa.eu/doceo/document/CRE-6-2007-02-14_IT.html?redirect,Mio fratello è un pezzo di pane,https://www.piccolomondoitaliano.com/2019/06/03/10-espressioni-italiane-con-la-parola-pane/,A te che sei una forza della natura [...],"https://erimioofficial.tumblr.com/post/166788159708/a-te-che-sei-una-forza-della-natura-un-uragano#:~:text=Italy%20%2D%20Padova%20%2D%2024-,A%20te%20che%20sei%20una%20forza%20della%20natura%2C%20un%20uragano,stella%20pi%C3%B9%20luminosa%20di%20tutte.",Dedicarsi alle faccende domestiche spesso è davvero una rottura di scatole,https://www.mammastyle.it/2021/11/24/casa-sempre-pulita-e-profumata-dopo-le-pulizie-devi-fare-assolutamente-questo/,è una testa di rapa,https://www.treccani.it/vocabolario/rapa1/,no,"Il significato dell'insieme non è deducibile da quello delle singole parti. Bisogna anche guardare al contesto comunicativo in cui si realizza questa costruzione, in modo da capirne il significato e riuscire a decodificarlo.",no,,yes,"Questa costruzione richiede sempre un articolo indeterminativo che si accorda con N1. Vi sono diverse restrizioni sui nomi che possono comparire nelle posizioni di N1 e N2. 
Esempio: Questo lavoro è una rottura di tempo -> non ha alcun senso!
Inoltre, non è possibile sostituire la preposizione ""di"" (che può comparire come semplice o articolata) con altre preposizioni.",yes,"Non è possibile cambiare l'ordine dei costituenti, in quanto la costruzione non avrebbe più senso.
Esempio1: Sei proprio una rapa di testa!-> non ha senso!
 
 ",yes,"Questa costruzione può essere utilizzata sia a livello formale che informale e viene preferita nell'uso, in quanto rende immediatamente l'idea di ciò che vogliamo presentare e sottolineare, inerentemente le caratteristiche di una persona, un luogo o un oggetto.",Elena Pinzuti,
,38,,V + Detind + colpo di + N,"questo idiom soddisfa la funzione pragmatica di azione immediata, puntuale e circoscritta (cfr. colpo di telefono/chiamare; colpo di tosse/tossire...)","modality, Substantive idiom","aspect, mirativity, limitatezza, action, time",partially filled/schematic,Dare un colpo di telefono,http://193.205.158.203/metamotorelessico/MetamotoreLessico.html,Detti un colpo di tosse,http://193.205.158.204:8983/solr/collection1/browse?q=id:stper158.xml,Dare un colpo di phon,,Mi ha fatto un colpo di telefono,,,,yes,Il significato dell'espressione non è predicibile dalla somma dei suoi componenti.,no,,yes,La costruzione deve necessariamente preceduta da articolo indeterminativo e seguita da sostantivo.,yes,La preferenza collocazionale della costruzione prevede fare/dare come verbi che la precedono.,no,,Nicoletta Pintus,
,39,,N/PronPers + Congcoord + compagnia bella,"L'espressione ha una funzione associativa collettivizzante in riferimento a persone e cose. Il focus pragmatico ricade sul tema (elemento dato), mentre compagnia bella è il rema (elemento nuovo).",approximation/ valuation,"plurality, dispersion, generalizing, approximation, vagueness, vaghezza, indefinitezza",lexically filled,Pomezia e compagnia bella ,http://badip.uni-graz.at/it/corpus-lip/cerca?view=vcerca,Polizze e compagnia bella,http://193.205.158.203/metamotorelessico/MetamotoreLessico.html,Stasera viene Sara e compagnia bella,,Hanno confiscato tutti i beni della Chiesa e compagnia bella,,,,no,,no,,yes,La costruzione richiede necessariamente una particella coordinante e che precede il costrutto nominale.,yes,Il costrutto è preferibilmente preceduto da un sostantivo o da un pronome personale soggetto.,yes,La forma si è fossilizzata nel suo significato non composizionale (≠ compagnia + bella) per mezzo dell'alta frequenza d'uso di tale costruzione nel linguaggio.,Sara Tanganelli ,
,40,,"andare a (V+prep.) + N. (zonzo,genio,rotoli, gonfie vele) ","andare a zonzo:girovagare, andare in giro senza una meta o uno scopo ben preciso. 
andare a genio: quando qualcosa va a genio significa che ci è gradito. 
andare a rotoli: andare male, non riuscire. 
andare a gonfie vele: l'espressione andare a gonfie vele si usa quando tutto va bene come previsto. 
 ",,,partially filled/schematic,A Giulia piace andare a zonzo per la città. ,intuizione ,il tuo amico mi va a genio. ,,a volte ho come l'impressione che tutto vada a rotoli. ,,l'esame è andato a gonfie vele. ,,,,yes,il verbo andare esprime maggiormente il significato di tutta l'espressione idiomatica in cui appare. ,no,,no,andare a accetta diverse parti del discorso e i nomi possono essere sia plurali che singolari,no,andare a può  essere utilizzato non solotanto con il nome ma anche  con altre parti del discorso quali i verbi. (es; andare a dormire),yes,si tratta di espressioni convenzionalizzate che vengono maggiormente eutilizzate nell'ambito familiare. ,Marika Terzo ,
,41,,Frase reggente + tanto vale + fraseEspl (che+ind/cong)/Impl (inf),"Il costrutto svolge una funzione contrastiva rispetto alla frase reggente (tema). La costruzione sposta il focus pragmatico dalla frase reggente alla frase successiva (rema). Le accezioni del costrutto possono essere: opzione, ironia (il biglietto costa 40 euro? Beh, tanto vale andare a piedi!).",pseudocoordination,"antonymy, limitatezza",partially filled/schematic,Tanto vale che entro tardi.,http://corporadidattici.lablita.it/run.cgi/first?iquery=tanto+vale+&corpname=parlato,Se ci danno l'elemosina allora tanto vale che stiano senza darci niente.,http://badip.uni-graz.at/it/corpus-lip/cerca?view=vcerca,Il suo compleanno è a Natale? Tanto vale farle un solo regalo.,,"La presentazione del libro non mi piace, tanto vale andarsene.",,,,yes,"La costruzione è idiomatica in quanto il suo significato è predicibile dalla frequenza d'uso, ma non dalla somma dei suoi costituenti.",no,,yes,La costruzione deve necessariamente dipendere da una proposizione principale che venga contrastata con valore avversativo o con valore ironico.,yes,"Nella sua forma esplicita, la costruzione presenta la preferenza collocazionale che seguita dal verbo al modo indicativo o congiuntivo. Si tratta di una preferenza collocazionale perché la frase successiva si può presentare anche in forma implicita (con verbo all'infinito).",yes,La frequenza d'uso di tale costruzione ha comportato la fossilizzazione del suo significato non composizione (≠ tanto + vale).,Domiziana Sernesi,
,42,,X(v) + prep. + X(n) ,"metafora;
essere al verde= indica il non essere in possesso di denaro; 
essere al settimo cielo= essere al massimo stato di felicità;
essere in alto mare= essere lontano dalla soluzione di qualcosa;
essere in vena= sentirsi al pieno delle forze e dunque nella condizione migliore per fare qualcosa;
essere nelle canne= essere in difficoltà.
 ",light verbs,aspect,partially filled/schematic,essere al verde ,internet ,essere al settimo cielo,internet,essere in alto mare,internet,essere in vena,internet,essere nelle canne,internet,yes,"perché il significato dell'espressione non dipende dalla semplice somma del significato delle singole parole. Ad esempio: ""essere al settimo cielo"" non implica concretamente il luogo in cui si trova una persona ma un suo stato d'animo.",no,la costruzione si presenta  con la stessa forma morfo-sintattica.,yes, l'ordine delle parole non può essere modificato,no,\\,yes,l'espressione si è convenzionalizzata tanto da essere utilizzata come modo di dire.,Teresa Sciarrotta,
,43,,X(v) + compl. modo (come) + Y(n),"Similitudine (per denotare il modo in cui si canta)
- Cantare come una rana (in modo sgraziata)
- Cantare come un fringuello (in modo allegro)
- Cantare come un usignolo (molto bene)",complex predicates,categorization,partially filled/schematic,Cantare come una rana ,Internet ,Cantare come un usignolo ,Internet ,Cantare come un fringuello ,Internet,,,,,yes,Il verbo cantare non è utilizzato solo per indicare un’azione ma per denotare un paragone. ,yes,Si tratta di una costruzione verbale intercambiabile ,yes,X deve essere sempre lo stesso verbo mentre Y può variare a seconda del paragone. ,no,,yes,La costruzione ha sviluppato una frequenza di utilizzo tale da farla diventare un modo di dire che indica l’intonazione o lo stato d’animo di qualcuno. ,Martina Punturiero ,
,44,,X (v)  + compl.ogg. ,Hai scoperto l'acqua calda/ l'America è un modo dire che si utilizza il più delle volte per ridicolizzare o schernire l'interlocutore.,light verbs,CRITICISM,partially filled/schematic,Hai scoperto l'acqua calda,Internet,Hai scoperto l'America,Internet,,,,,,,yes,Il verbo scoprire non è utilizzato solo per indicare un'azione ma per schernirla ,yes,Si tratta di una costruzione verbale intercambiabile ,yes,Al verbo scoprire deve essere sempre accompagnato un complemento oggetto,no,,yes,La costruzione ha sviluppato una frequenza d'uso tale da diventare idiomatica nella sua ironia ,Flavia Vetere,
,45,,V (Contare) + Prep(su/sul/sulla...) + N/Pronpers ,"L'espressione retta dal verbo Contare si allontana dal significato lessicale del verbo per indicare, nella Costruzione tutta, un giudizio di affidabilità rispetto a qualcuno/qualcosa. ",,,partially filled/schematic,Michela conta sulla collaborazione di Giacomo per l'allestimento del banchetto. ,,Io contavo su Mario per l'organizzazione della festa. ,,,,,,,,yes,"L'espressione non è facilmente interpretabile, è necessaria una familiarità con questa affinchè si possa comprenderne il senso. ",yes,"Non regolare dal punto di vista sintattico: si pensi al significato lessicale del verbo contare e alle conseguenti restrizioni semantiche dei referenti a questo associati. L'applicazione e i referenti previsti entro questa costruzione, invece, sono soggetti e meno restrizioni semantiche. ",no,L'applicazione e i referenti previsti per un N qualsiasi sono soggetti a poche restrizioni dal punto di vista semantico. ,no,,yes,Espressione colloquiale e ad alta frequenza. ,Silvia Lomuscio ,
,46,,Art. Indet. + N(sacco) + Prep. (di) + N,"La costruzione esprime una quantità elevata, ma indefinita, di qualcosa di specifico, anche astratto.",,,partially filled/schematic,"I robot si occuperanno di tutte le faccende domestiche , lasciandole un sacco di tempo per dedicarsi ai suoi passatempi preferiti . ",http://corpora.ficlit.unibo.it/CODIS/Context.php?Start=84698130&End=84698131,"« Tu però hai passato un sacco di tempo in ospedale , naturalmente » , disse . ",http://corpora.ficlit.unibo.it/CODIS/Context.php?Start=152949111&End=152949112,"È una città piuttosto grande , con un sacco di abitanti e di cose da fare .",http://corpora.ficlit.unibo.it/CODIS/Context.php?Start=153169531&End=153169532,"È un posto molto bello , c ' è sempre un sacco di gente carina che va e che viene . ",http://corpora.ficlit.unibo.it/CODIS/Context.php?Start=37112058&End=37112059,Per questo si fanno un sacco di sciocchezze . ,http://corpora.ficlit.unibo.it/CODIS/Context.php?Start=155665803&End=155665804,yes,La forma della costruzione esprime una quantità che non può essere solo quella compresa in un sacco,no,,yes,Solo italiano colloquiale.,yes,L'ordine dei componenti non è variabile e si presenta solo in questa forma.,no,,Sara Scalvini,
,47,,V(fare) + Adv(molto) + N(proprio)/Adj/gruppo nominale,"Espressione di somiglianza tra l'entità del soggetto (spesso sottinteso, spesso referente del contesto situazionale) del verbo 'fare' e gruppo nominale con valore aggettivale o l'aggettivo.",similutide,categorization,partially filled/schematic,"Fa molto Fellini, vero? Che bello! ","Ecce Bombo, (1978), Nanni Moretti.",".. la frangetta, soprattutto sul caschetto corto, che fa molto Arisa, ...",https://www.corpusitaliano.it/static/documents/sources/770/7705365,il che fa molto Piazza Grande,https://www.corpusitaliano.it/static/documents/sources/780/7807716,un'automobile di altri tempi che fa molto retrò,https://www.corpusitaliano.it/static/documents/sources/780/7808466,,,yes,"Significato della struttura non predicibile dai costituenti, ma molto convenzionalizzato. ",no,,yes,"Per quanto riguarda il gruppo nominale può comprendere nomi propri di referenti culturalmente noti ai partecipanti dell'interazione, espandendone il significato all'accezione della personalità, aspetto e/o delle caratteristiche della loro produzione culturale. (esempio: gli artisti: X fa molto Fellini/Picasso/Arisa...)  Oltre a nomi propri, si possono trovare gruppi nominali complessi (es. questo fa molto anni '60), ma non tutti i gruppi nominali sono applicabili. ",yes,"Nel descrivere lo stile di una qualche entità, che sia un ambiente, una persona o un semplice taglio di capelli, la costruzione X fa molto Y presenta molto spesso in Y una qualche decade del ventesimo secolo, rimandando alle relative caratteristiche culturali, artistiche, politiche e/o socio-economiche. ",yes,Usato molto spesso nel linguaggio parlato in quanto in modo estremamente economico aiuta la descrizione di una qualche identità,Giovanni Antoniol,
,48,,S spingere (O) a V ,X determines/influences (Y) to [do something]z,S V O to V patterns,Causative construction         (the subject causes an action to be performed),partially filled/schematic,"Tra tutti quelli che erano interessati allo svolgimento del match, Hart era senza dubbio il più calmo di tutti. Molte piccole cose lo avevano spinto a guardare con tranquillità a quanto stava per accadere.",CorpusPaisà (corpusitaliano.it),La presenza di depositi di ferro a livello cerebrospinale ha spinto a ricercare una correlazione tra questi patologici restringimenti venosi ribattezzati sotto il nome di Insufficienza venosa cronica cerebrospinale o CCSVI e la sclerosi multipla.,CorpusPaisà (corpusitaliano.it),"La presenza a breve distanza dei ruderi di altri tre mulini, ""Mulino Ramet"", ""Mulino Sourdon"", ""Mulino Tissot-Avon"", un tempo simboli identificativi della città, ha spinto a sfruttare l'area a scopo turistico.",CorpusPaisà (corpusitaliano.it),"Ciao, sono Marìca, ho un amore spasmodico per i libri, e il rapporto spesso conflittuale con la lettura e la scrittura mi hanno spinto a fare sempre più uso dei dizionari e delle enciclopedie.",CorpusPaisà (corpusitaliano.it),Le caratteristiche del Circuito di Singapore hanno spinto a dare all'ala anteriore un aspetto più arrotondato.,CorpusPaisà (corpusitaliano.it),yes,"Il verbo spingere, in relazione con la costruzione nel complesso, assume un valore semantico specifico, riconducibile alla formula «esercitare influenza al punto da»",no,,yes,"X= N, nominalized sentence (formal/specialized register), pronoun; more rarely V
Y does not necessarily occur. If present,  Y= N, nominalized sentence (formal/specialized register), pronoun
Z= V;     possible, but very rarely nominalized sentences (formal/specialized register)--> different construction",yes,"La stessa costruzione sembrerebbe ammettere in maniera equivalente il verbo “spingere” e il verbo “portare”. Eppure, la scelta dell’uno o dell’altro verbo sembrerebbe orientare il meaning della costruzione verso direzioni diverse:
SPINGERE --> esercitare influenza al punto tale da   
Es. La cattiva condizione meteo lo ha spinto a rinunciare al fine settimana in montagna.
PORTARE --> determinare/causare
Es. La cattiva condizione meteo lo ha portato a rinunciare al fine settimana in montagna.",yes,"CONVENZIONALIZZAZIONE: si riscontra una preferenza, de facto, nella scelta del verbo per la costruzione dell’idiom
         Alcuni recenti studi hanno spinto a ipotizzare che mangiare cioccolato...
             ?? Alcuni recenti studi hanno premuto a ipotizzare che mangiare cioccolato...
(la convenzionalizzazione si rintraccia, nel caso portato a esempio, nell’aver affidato il senso di “indurre” a spingere e non a premere)",Francesco Folino,"La costruzione descritta tende spesso ad occorrere intersecata con una costruzione relativa --> S che spingere (O) a V       
Es. La cosa che ci ha spinto a fare musica insieme è stata l’amore per le radici che sentivamo in qualche modo comuni.
Source: corpusitaliano.it"
,49,,Vessere + AVVluogo + che + V2,"trovarsi in un luogo (più o meno definito, reale o figurato, indicato dall'AVVluogo) e compiere una determinata azione continuativa (espressa da V2), registro informale","adverb, che polivalente, extragrammatical, formal idiom, lexically open, idiom of encoding, without pragmatic point","aspect, action, place, situation, durativity, imperfective aspect",partially filled/schematic," Ma andiamo ancora a Moretta, dove le operazioni di scrutinio sono più lunghe. Sono ancora lì che contano.",Corpus: Italian Web 2016 (itTenTen16),Siamo tutti qui che attendiamo impazientemente il tuo arrivo.,Corpus: Italian Web 2016 (itTenTen16),Lui è giù che si guarda la partita.,Corpus: Italian Web 2016 (itTenTen16),"Un giorno qualcuno disse: ""La vita è fuori che ti aspetta"". Risposi: ""Non la trovo!""",Corpus: Italian Web 2016 (itTenTen16),"Mentre ero lì che piangevo mi sono resa conto di essere in procinto di staccare un cordone ombelicale forte, fatto di complicità, che mi ha portata tante volte a provare frustrazione, ma anche gioia di fronte a quel neonato che cresceva forte e robusto, con una voce da spaccare i timpani, deciso nella sua volontà di vita.",Corpus: Italian Web 2016 (itTenTen16),no,"La semantica della costruzione è facilmente deducibile dalla somma dei significati delle parti che la compongono.Tuttavia, quando nella costruzione appare lì o qui come AVVluogo il livello di idiomaticità è maggiore: l'avverbio non denota un luogo reale, concreto, ma piuttosto serve ad enfatizzare la duratività dell'azione (che può essere ulteriormente enfatizzata tramite avverbi come ancora o sempre).",yes,Si tratta di una costruzione extragrammaticale per via della presenza del che polivalente.,yes,"La costruzione presenta in tutto quattro slots, di cui solo uno è fisso (il terzo, occupato sempre dal che polivalente).Il primo slot è occupato dal verbo essere, che dev'essere necessariamente coniugato al tempo presente o imperfetto dell'indicativo.Il secondo slot è occupato da un avverbio di luogo (qui o lì).Il quarto slot è occupato da un altro verbo, tendenzialmente che denota un'azione o un processo (e non uno stato: *sono qui che abito; *sono qui che ho i capelli lunghi), necessariamente coniugato allo stesso modo, tempo, persona, numero e genere del verbo essere. ",no,,yes,"La costruzione viene di solito preferita a forme standard per enfatizzare la duratività dell'azione.Quando il livello di idiomaticità è alto (con lì e qui) la costruzione può essere ricondotta Ad esempio: ""Sono ancora lì che contano"" > ""Stanno ancora contando"" ",Greta Interlandi,"Possibile caratterizzazione a livello diatopico.
Possibile ambiguità di forma con la costruzione della frase scissa (es. ""è qui che non sa cosa fare"" - ambiguità da sciogliere in base al contesto o alla prosodia/intonazione).
 "
,50,,non vedere l'ora di X,esprimere impazienza (con accezione positiva) nei confronti di un evento futuro,"grammatical idiom, lexically filled idiom, idiom without pragmatic point",,lexically filled,Non vedo l'ora di vederti,,,,,,,,,,no,,no,,no,,yes,non vedo l'ora di + V,yes,,,
,51,,non+aus+mica+pp.,La costruzione ha la funzione di rafforzare la negazione della frase.,,,partially filled/schematic,non hai mica capito.,italiano colloquiale,non ho mica esagerato.,italiano colloquiale,non sono mica stato io!,italiano colloquiale,,,,,no,,no,,yes,parlato colloquiale.,no,,no,,Francesca Bertocchi,
,52,,avere la coda di paglia,"Espressione utilizzata per indicare senso di colpa, coscienza sporca, timore che qualcuno stia alludendo a fatti e/o difetti di cui ci si vergogna.",,,lexically filled,Perché ti scaldi tanto? Hai la coda di paglia?,conversazione whatsapp,Se Luca si imbarazza tanto ha parlarne è perchè ha la coda di paglia.,conversazione telefonica,,,,,,,yes,"La costruzione avere la coda di paglia è idiomatica a livello di funzione perché non rispetta il principio di composizionalità, ovvero non è possibile dedurre il suo significato complessivo a partire dalla somma dei significati delle sue parti. ",no,,yes,"La Costruzione presentà un'altissima fissità sintattica, eccezion fatta per il verbo avere. Accetta di essere interrotta da aggettivi o avverbi ma non ammette dislocazioni.",yes,"La Costruzione è interamente fissata a livello lessicale, non ammette collocazioni che non siano quelle dell'espressione idiomatica di partenza.",no,,Mariarosaria Vitiello,
,53,,"(PROdat+)V3Sing""Venire""Temp+Prep""Da""+VInf",Esprime una reazione spontanea a uno stimolo sia interno che esterno. ,"complex predicates, extragrammatical","modalità dell'azione, context dependence",partially filled/schematic,"Anzi , rido proprio , e mi viene da coprirmi la bocca con la mano .",CORIS http://corpora.ficlit.unibo.it/TCORIS/Context.php?Start=57851776&End=57851778,"Il risultato di tali opere è che radici di alberi , tuttora infestanti , minacciano con la loro penetrazione la stabilità dello stesso muro : e non essendo stato rimosso il terrapieno , peraltro sporchissimo , che ricopre il basamento di fronte alla strada , viene da chiedersi se e quali lavori di solidità siano stati operati dalla XII Ripartizione",CORIS http://corpora.ficlit.unibo.it/TCORIS/Context.php?Start=1022449&End=1022450 ,""" Su che cosa siete d ' accordo ? "" . Su quasi niente , mi viene da rispondere .",CORIS http://corpora.ficlit.unibo.it/TCORIS/Context.php?Start=27364326&End=27364328,È sotto l ' influsso di queste riflessioni che ho letto l ' interessante lavoro della dottoressa Mariotti e mi è venuto da pensare all ' incontro con il suo testo negli eleganti e armonici termini dell ' arte marziale .,CORIS http://corpora.ficlit.unibo.it/TCORIS/Context.php?Start=23527547&End=23527550 ,"Sono segni buoni , mi viene da dire.",CORIS http://corpora.ficlit.unibo.it/TCORIS/Context.php?Start=16126688&End=16126690,no,,yes,"Forma simile alle proposizioni impersonali, ma queste di solito sono seguite dalla preposizione “di” oppure direttamente da un verbo all’infinito. Qui invece troviamo la preposizione “da”.",yes,Verbi che esprimono una reazione a uno stimolo improvviso sia interno che esterno. Quindi non può essere un’azione preponderata:Mi viene da dire. MA NON: *mi viene da enunciare.,no,,no,,Marta Wanicka,
,54,,se non V(esserefless)+ N/Avv V(esserefless) + N/Avv,Esprime risoluzione del riconoscimento/avvenimento del primo termine dell'equazione per mezzo del secondo.,lexically filled idiom,"approximation, EMOTIVE, durativity",partially filled/schematic,"""Se non è oggi è domani"". Usato in italiano non standard per indicare un evento/azione che non si è compiuta nel primo termine e che verrà compiuta necessariamente nel secondo. ",,"""Se non è zuppa è pan bagnato"", significato assimilabile al primo esempio ma con sfumatura diversa. Esprime come due cose dal nome differente ma con aspetto simile siano, alla fine, sempre quelle. ",,"""Se non è ciccia è cioccia"". Esito differente del secondo esempio ma con stesso valore. Qui esemplificato dalla somiglianza grafico-fonetica.",,,,,,no,,no,,yes,Ordine dei costituenti fisso,no,,no,,Filippo Sergio,
,55,,Acqua in bocca,Modo di dire comunemente usato nel parlato informale per invitare l'interlocutore (con cui si sta parlando) a mantenere un segreto. ,idiom of encoding,intensification,fully schematic,E' un segreto quindi acqua in bocca!,,"«Mi raccomando, Landsman, acqua in bocca» dice Cashdollar piano, facendo il gesto di sigillarsi le labbra.",https://it.glosbe.com/it/it/acqua%20in%20bocca,"Dunque, acqua in bocca, per il momento, non dire niente a nessuno per non rischiare intrighi e proteste.",https://it.glosbe.com/it/it/acqua%20in%20bocca,,,,,no,Questo modo di dire è comprensibile dalla somma dei costituenti. ,no,La costruzione non ha particolarità sintattiche.,yes,L'intera costruzione è costituita da slot fissi che non possono essere sostituiti con altri. ,yes,,yes,,Federica D'Isita,
,56,,"apriti + N
(cielo/terra/sesamo)","Esclamazione usata per indicare (la possibilità) il verificarsi di un evento inatteso, di una sciagura.
La variante ""apriti sesamo!"" esprime sorpresa o speranza che una cosa accada.","light verbs, lexically filled idiom","intensification, EMOTIVE, situation",lexically filled,"La cacciata della O ogni giorno provocava nuovi casini. Ad esempio,
 sorsero grosse complicazioni internazionali: l ' ONU diventò NU, e 
quell ' Assemblea s'offese vedendosi confusa con la sigla della 
Nettezza Urbana; l ' OMS (l'Organizzazione Mondiale della Sanità),
 appena dopo una campagna contro il fumo, si sentì chiamare MS, come 
le note sigarette: apriti cielo!
 ",http://corpora.ficlit.unibo.it/TCORIS/Context.php?Start=20094364&End=20094364,"Vina privilegia il crudo sentimentalismo rispetto_alla ragione, 
sicché ora non possiamo più pensare, ma solo sentire. Il primo dice 
che il fenomeno è populista - democratico. Il secondo teme che possa 
essere cripto - fascista, e che possa originare un nuovo tipo d'
intolleranza di massa. Ecco critici letterari e critici teatrali. I 
critici letterari sono divisi; il vecchio e balbuziente Alfred Fiedler 
Malcolm cita Faustus di Marlowe - Io allora a capofitto nella terra mi 
getterò: apriti, terra!
 ",http://corpora.ficlit.unibo.it/TCORIS/Context.php?Start=86122601&End=86122601,""" Where are you from?"" da dove venite?, chiede sospettoso uno dei capiclan. Dall'Italia. L'omone prima ci squadra e poi bontà sua ci gratifica di un: ""Italiani amici"". Il tono non è esattamente amichevole ma funzione come un ""apriti sesamo"". Ammessi, dunque.",http://corpora.ficlit.unibo.it/TCORIS/Context.php?Start=17840964&End=17840964,"Martedì, non appena si è diffusa la notizia che da venerdì 28 marzo i politici non potranno più partecipare a trasmissioni di intrattenimento in Rai e Mediaset, dato il black out elettorale per il voto amministrativo del 27 aprile, apriti cielo! Sono a rischio trasmissioni come Mixer, Pinocchio, Moby Dick.",http://corpora.ficlit.unibo.it/TCORIS/Context.php?Start=114089084&End=114089084,"Il jazz, o qualsiasi cosa fosse, poteva adesso essere diffuso anche laddove non si sarebbe mai sognato di arrivare ( la radio era agli albori ) e, visto il successo, tutti cominciarono a incidere dischi e, da espressione di un manipolo di nottambuli reietti, spesso appartenenti a minoranze tenute sotto osservazione poliziesca, il jazz si fece oggetto commerciale e,apriti sesamo, fu accettato. ",http://corpora.ficlit.unibo.it/TCORIS/Context.php?Start=164105295&End=164105295,yes,"Il significato dell'espressione non è letterale, non si intende usare il verbo aprire nel suo significato standard. Si potrebbe dire che qui è un verbo leggero.",no,,yes,N deve essere uno dei tre nomi indicati (cielo/terra/sesamo) affinché l'esclamazione conservi il suo significato.,no,,no,,Valentina Conti,
,57,,"V (morire) dalla voglia di Vx
V + Prep1 + N + Prep2 + Vx",Espressione colloquiale e iperbolica per indicare un desiderio ardente.,"light verbs, lexically filled idiom",intensification,lexically filled,Muoio dalla voglia di uscire.,"Dizionario Internazionale
https://dizionario.internazionale.it/parola/morire-dalla-voglia","Entrambi poi, sembrano morire dalla voglia di prendere a pretesto i divieti imposti in un altro stato per introdurre ulteriori proibizioni nel proprio.","Corpus italiano Paisà
https://www.corpusitaliano.it/static/documents/sources/770/7708169","A poco più di un mese dall'uscita americana, il cazzutissimo The Expendables ci regala oggi un lungo ed inedito spot tv, talmente testosteronico da farci morire dalla voglia di vederlo il prima possibile!","Corpus italiano Paisà
https://www.corpusitaliano.it/static/documents/sources/740/7406114","Ma come fare se non si ha tempo a disposizione per frequentare un master o un corso di formazione, oppure non si muore dalla voglia di tornare tra i banchi di scuola?","Corpus italiano Paisà
https://www.corpusitaliano.it/static/documents/sources/781/7815988","Se proprio morite dalla voglia di provare qualcosa, resistete fino all'orario di chiusura, e concedetevi uno splendido pezzone di torta al bar (non mi ricordo come si chiama) che si trova all' ingresso (guardando l'uscita, sulla sinistra).","Corpus italiano Paisà
https://www.corpusitaliano.it/static/documents/sources/780/7801691",yes,"Il significato della costruzione non è strettamente deducibile dalla somma dei significati delle parti che la compongono; non vale cioè il principio di composizionalità. Questo perché il suo significato non è letterale, ma figurato, iperbolico. Potremmo intedere in questo caso il verbo ""morire"" come un verbo ""leggero"".",no,"Si tratta di uno degli esempi della costruzione: verbo ""morire"" + preposizione ""da"" (semplice o articolata) + N, dove il verbo può essere inteso sia in senso letterale che figurato:
- morire dal dolore;
- morire dal ridere;
- morire dalle risate;
- morire dal caldo;
- ...
 ",yes,"La costruzione  può essere seguita solo da un verbo.
 ",no,,no,,Giulia Goffredi,
,58,,direfles + su + Compl di termine (pronome / aprep + Nanimato),"dire su a qualcuno o a qualcosa: sgridare qualcuno (es ""Carla parlava continuamente durante la lezione, quindi le ho detto su"" = l'ho sgridata) o qualcosa di animato (""oggi ho detto su al gatto perché ha fatto la pipì su divano"").",,,partially filled/schematic,,,,,,,,,,,no,,no,,no,,no,,no,,,
,59,,V. (mettersi) + Prep. (nelle) + N. (mani) + Prep. (di) + N. (qualcuno),Espressione utilizzata per indicare la volontà da parte di un individuo di affidarsi completamente alle cure di un altro individuo.,,,partially filled/schematic,"Commissario, mi metto completamente nelle sue mani.",Web,Essere nelle mani di Dio indica protezione.,Web,Il sistema non dovrà cadere nelle mani di individui animati da interessi particolari.,Web,,,,,yes,"L'espressione indica l'affidamento o l'abbandono alle cure di un individuo, mediante un lessema verbale semanticamente neutro che si appoggia a un sostantivo semanticamente forte. «Mani» rappresenta il centro semantico della costruzione.",no,,yes,L'espressione viene tendenzialmente utilizzata per indicare una presunta soluzione a una situazione di difficoltà.,yes,"L'espressione può essere introdotta da altri verbi, veicolando una sfumatura semantica differente a seconda dei casi (Cadere, essere, mettersi).",yes,Espressione utilizzata in contesti informali.,Manuel Consiglio,"L'espressione ha origine medievale e deriva dal gesto simbolico (immixtio manuum) che legava un vassallo al suo signore, tramite un cerimoniale pubblico di giuramento.
Differenza tra «mettersi nelle mani di qualcuno» ed «essere nelle mani di qualcuno»: nel primo caso, si indica la volontà attiva del protagonista dell'azione di affidarsi alle cure di un altro individuo; nel secondo caso, invece, si indica la passività del protagonista dell'azione, il quale è soggetto all'autorità e al potere incontrastato di un altro partecipante. («Cadere nelle mani di qualcuno»: diventare prigioniero di qualcuno)
«Sono nelle mani di Dio!» (Completo abbandono alla forza protettiva di una divinità)
«Put your life in someone's hands» 
«I put myself in your hands» 
«Fall into their hands»"
,60,,"Verbo + Locuz. Avverb""a più non posso"" ","Espressione avverbiale usata nell'italiano familiare.
Letteralmente: ""quanto più è possibile"", riferendosi all'azione espressa dal verbo che lo precede.","complex adverb, adverb, extragrammatical, unformal","intensification, aspect, categorization, modalità dell'azione, situation",partially filled/schematic,"Oggi ero in ritardo al colloquio di lavoro, quindi ho corso a più non posso.","""Il nuovo De Mauro"", Dizionario de l'Internazionale.","Per il suo matrimonio, Claudia ha organizzato un pranzo a buffet: ho bevuto e mangiato a più non posso.","""Il nuovo De Mauro"", Dizionario de l'Internazionale.",Francesco fa delle battute divertentissime: mi fanno sempre ridere a più non posso.,Vocabolario Treccani.,,,,,no,La semantica di tale costruzione è deducibile dalle sue parti.,no,,yes,La costruzione può esistere solo se la locuazione è preceduta da un verbo.,no,,yes,Espressione utilizzata in contesti informali e familiari.,Emanuela Pausata,
,61,,"""Immagina"" Vinf SN/Sprep Prep/Conj SV","Costruzione che esprime una situazione inusuale/imprevista in relazione ai presupposti espressi dal verbo di pensiero ""Immagina""",,,partially filled/schematic,Immagina andare a scuola e scoprire che è festa,Italiano colloquiale,Immagina farti la doccia per andare in palestra,Twitter,Immagina guidare e non avere la patente,Italiano colloquiale,Immagina essere all'ultima puntata della serie e non averci capito nulla,Italiano colloquiale,,,yes,La costruzione è predicibile dalla sua frequenza d'uso,no,,yes,"Il verbo immagina, usato in forma impersonale, si trova all'inizio della proposizione",no,,no,,Alessia Sulioti,
,62,,ma+anche+X,sminuire il contenuto espresso precedentemente da un enunciato prodotto da un interlocutore,avversativa,,partially filled/schematic,"""Ci è sembrato un atto sereno, civile, ma anche ovvio, rispondere"" (dubbio)",http://corpora.ficlit.unibo.it/TCORIS/Context.php?Start=28951230&End=28951232,"""ma anche no""",competenze personali,"""ma anche meno""",competenze personali,,,,,yes,Il significato della costruzione è parlzialmente idiomatico,no,La costruzione segue le regole sintattiche della lingua italiana,yes,La costruzione presenta due posizioni fisse e una variabile,no,,yes,La costruzione è usata soprattutto in contesti poco sorvegliati,Francesca Cappelli,
,63,,[stra-AGG],Prefixed superlative,"prefixation, unformal",intensification,partially filled/schematic,"Che un certo signor B., a tutti noto, sia  straricco  e assai potente, si ""vede"" immediatamente - e non porta da nessuna parte...",itTenTen20,"Anche il Red Devil continua a fiorire, nonostante sia già  stracarico  di frutti. ",itTenTen20," In vista di quell'appuntamento spero che il Terzo Polo sia giunto a maturazione anche perche' sono  strasicuro  che tra Berlusconi-Bossi e Bersani-Vendola-Di Pietro, ci sia uno spazio ampio di cittadini che sono pronti ad abbracciare una terza opzione",itTenTen20," Mille luci, mille voci, mille cuori  strafelici  ... sono tutti in allegria oh, che felicità. ",itTenTen20,Leggete e ripetete tutto fino a quando non sarete  strasicuri  di aver compreso bene ogni cosa.,itTenTen20,no,,no,,no,,no,,no,,Alessandro Buttinelli,"Si confronti la costruzione non solo con la realizzazione ""standard"" suffissale del superlativo in italiano, ma anche con costruzioni aggettivali che apparentemente potrebbero essere ricondotte alla stessa rappresentazione schematica [stra-AGG], ma che invece divergono da questa per il loro maggior grado di fissità che le ha rese costruzioni aggettivali non derivate e che sono prive del valore intensivo e superlativo proprio a questa costruzione. Es.: straordinario != ordinarissimo vs strafelice = felicissimo."
,64,,"Non è Xi, ma è Yi che Zi",Predicate on Yi,"discontinuous reduplication, avversativa",intensification,partially filled/schematic,"Non è tanto il caldo, ma è l'umidità che uccide",Google Search,"Non è solo il balzello, ma è il senso di sconforto che opprime e offende",itTenTen20,"Non è bello ciò che è bello, ma è bello ciò che piace",itTenTen20,"Non è il diritto che fa la legge, ma è la legge che fa il diritto",itTenTen20,,,yes,The function of the construction is not fully predictable from its parts,yes,"There are fixed parts ""Non è... ma è... che"" that are separated by slots that can be filled with different linguistic elements",yes,"Yi is in an avversative relation to Xi
 ",yes,"Xi = N or phrase
Yi= N (usually in the same semantic field of Xi, but with a similar meaning rather than being an antonym) or phrase (usually reduplicating part of Xi)
Zi= V or phrase",no,,Federica Del Bono,
,65,,"X Adv che Y
 ",[X]FOCUS,"cleft-like construction, che construction","focus marker, epistemic reinforcement",partially filled/schematic, All'asilo sì che si stava bene.,Corpus: CORIS,"La fame no che non la puoi fermare, non è fiamma di fuoco che gli butti di sopra un ""cato"" d'acqua; il sonno ferma i debiti e le cambiali, ma la fame morde le budella a strazzi: vuole un pezzo di pane, pure che è duro.",Corpus: itTenTen20,"Non del successo perché sono ansioso come se vivessi costantemente in procinto di fare bungee jumping, ma sicuramente dell'interesse che genera, questo certo che mi rende invidioso.",Corpus: itTenTen20, però // c'è l' idea della possessione // questo sì che c'è nell'islam,Corpus: KipTO,"Ma Tonino un'idea ce l'ha: dopo quell'8 per cento alle europee dovrete riconoscere, come minimo ""questo certo che c'azzecca""",Corpus: itTenTen20,no,"The function of the construction is not entirely predictable from its parts. From a semantic point of view, Adv che can be omitted without changing the truth conditions and the acceptability of the constructions (CFR., e.g., ""All'asilo sì che si stava bene"" and ""All'asilo si stava bene"").",no,,yes,"Adv = sì, no, certo.
Other adverbs (e.g., sicuro, ovvio) are possible but rather marginal.
 ",no,"X = phrase (clauses are possible, although they are more marginal)
Y = clause (X is a constituent of Y)
When Adv is no, Y contains a negator.",no,,Silvia Brambilla,"According to the adopted definition, the construction can be conceived as a non-prototypical cleft construction. Its relationship with the similar construction Adv che Y should be further investigated."
,66,,"prima X, prima Y
Formal variants: prima X prima Y, prima X e prima Y",Xi (IN ORDER TO) Yi,"reduplication, repetition, discontinuous reduplication",consequentiality,partially filled/schematic," C ' è malumore tra i ragazzi , prima ritroveremo spazi adeguati , prima tornerà l ' armonia .",MONITOR,"Lui replicò che la famiglia non c ' entrava e di seguirlo in silenzio , prima saremmo usciti e prima avremmo finito quella che ora definiva come scomoda transazione , ripetendomi che dovevo avere quello per cui ero entrato in quella casa , e chi aveva sbagliato doveva pagare .",CORIS,"E ' nostro interesse partire il prima possibile , le aziende devono girare : prima si parte , prima si lavora.",MONITOR,"L ' esperienza del resto ci insegna che prima ne parli , prima ti passa .",CORIS,"Forza ragazzi , prima finiamo prima ci togliamo da quest ' impiccio .",MONITOR,no,,yes,"There are fixed parts ""prima... prima... "" that are separated by slots that can be filled with different linguistic elements.",no,,yes,"X = V (single word, phrases or sentences)
Y = V (single word, phrases or sentences)",no,,Eliana Di Palma,"Interestingly, the similar construction 'prima x e poi y' combines not only with verbs but also with nouns, which is not possible with the construction 'prima V, prima V'. For example: 'Prima i compiti, poi il gioco', but not 'prima i compiti, prima il gioco'. In the second case, the temporal and sometimes causal meaning is lost. "
,67,,"me l- chiam- X?
Formal variants: (e) (tu) quest-/quell- me l- chiam- X?
(e) (tu) me l- chiam- X quest-/quell-?","it is not true that (supposed)X can be defined as X
(supposed)X is not a real/good example of X",,"CRITICISM, rhetorical question",partially filled/schematic,"E tu questo me lo chiami ""articolo""?",Corpus: iTenTen20,"Accettare che ""l'unico amore sia nato dal unico odio"", esserne consapevoli al punto da affrontare qualunque cosa(dall'esilio all'essere sepolti vivi) pur di ""arrivare al giorno in cui si sorriderà dei tormenti dell'oggi""; e tu questo me lo chiami ""fuggire dai problemi""? ",Corpus: iTenTen20,"Può essere più o meno extra, a seconda della percentuale di frutta presente, ma non è comunque marmellata. Spiegarlo agli altri è praticamente impossibile, anche perchè avete mai assaggiato la marmellata di limone?  Ti senti rispondere ""E tu me la chiami marmellata questa?"" Come dargli torto! ",Corpus: iTenTen20,"A quanto pare è finita. Hm, dai, è andata meglio del previsto. Il ""previsto"" consisteva nel dover far paura ad un vecchietto, mentre ti sei ritrovato a combattere, procurandoti un taglio non trascurabile sul mento. Questo me lo chiami ""meglio del previsto""? ",Corpus: iTenTen20,"Siamo all'ombra di una montagna di morti che non riusciamo a vederne la cima, conficcati come dannati in un lago ghiacciato e senza vita, e tu questo me lo chiami un lieto fine? Mi dovrei accontentare?",Corpus: iTenTen20,yes,"The function of the construction is not predictable from its parts.
This construction is used to indicate that someone's judgement on X is wrong (epistemic value challenging function).",yes,,yes,V must be in the 2nd person (singular or plural),yes,"X = tendentially N (other categories are possible but marginal)
X = tendentially single word (other elements, like phrases or sentences, are possible but more marginal)
Noun can occasionally be preceded by an article
eventuale elemento deittico dislocato a dx o a sx (quasi sempre a sx)
Ripresa clitica obbligatoria",no,,Claudia Coppola,
,68,salta fuori che,"saltare3.SG fuori che Cl
 ",[Experiencer] finds out that [State of Affairs] is unexpectedly [X]Cl from [Source],"impersonal construction, that-clause","mirativity, evidentiality",partially filled/schematic,"Poi è saltato fuori che, in Afganistan, lungi dal vincere stiamo perdendo.",itTenTen20,L'operatrice verifica e salta fuori che hanno spedito tutto all'indirizzo sbagliato.,itTenTen20,"Personaggio ambiguo, inizialmente sembrava coinvolto nella morte della moglie, poi saltò fuori che stava cercando di proteggere la famiglia dal misterioso Comitato.",itTenTen20,"Una volta qui però si scopre che sono poche le possibilita'' che offre un paese come questo, poi però salta fuori che potrebbero non essere così poche [...].",itTenTen20,Una banca emette un decreto ingiuntivo ad una vedova per un importo di 180.000 €... ma... guarda caso.. salta fuori che la firma sulla fideiussione è FALSA!,itTenTen20,yes,,no,,yes,,no,,no,,Flavio Pisciotta,
,69,,E tu V che X ?,discorsivo-testuale. Sollevare un'obiezione.,complex predicates,CRITICISM,partially filled/schematic,"E tu credi che visto che non ci sono politici in grado di fare il grande salto bloccando il paese se necessario,si debba fare una rivoluzione?",Paisà,E tu pensi che se vengono cancellate alcune norme si torni al far west?,Paisà,,,,,,,no,,no,,yes,"V = verbo epistemico
X=clausola",no,,no,,Giulia Giunta,
,70,Endocentric left-headed compounds,[[x]Xαk [y]Yβi]Xαj ,[SEMk in R with SEMi]j ,"compounding, morphology, left-headed",endocentric compounds,fully schematic,"L ' Italia si notava bene sul mappamondo (map+world) che era uno stivale 
'It was clear on the globe that Italy was a boot'.",CORIS 2021,"Seppellimmo zia Letty in un camposanto (field+holy) fangoso e pieno di erbacce.
'We buried Aunt Letty in a muddy, weedy cemetery'
 ",CORIS 2021,"Le pinne dorsali sono l ' ingrediente principale della famosa zuppa di pinne di pescecane (fish+dog)
'Dorsal fins are the main ingredient of the famous shark fin soup'.",CORIS 2021,,,,,no,,no,,yes,,no,,no,,Silvia Micheli,
,71,,"NP_subj V NP_obj a NP_compl
 ","literal or metaphorical tranfer of Theme (NP_obj) from Agent (Np_subj) to Beneficiary (a NP_compl) through the Verb
 ","argument structure construction, Dative construction, Preposition a, ""Double Object"" construction",Beneficiary construction,fully schematic,,,,,,,,,,,no,,no,,no,,no,,no,,,"- general meaning of transfer (metaphorical or literal)
- allostruction/ formal variant: NP V a NP NP ???"
,72,Focusing cleft sentence ,"quello che V è X
Formal variants: ciò che V è X; quello che V sono x; ciò che V sono X",Focusing structure encoding exhaustiveness and intensification,cleft-like construction,"intensification, limitatezza, focus marker",partially filled/schematic, Ma quello che mi interessa in questo caso è piuttosto il discorso sugli ex terroristi,Corpus: Italian Web 2020 (ItTenTen20),quello che ci interessa non e' solo // com' e' costituita la societa' ma anche come fa l' antropologo a studiarla,Corpus: KIP,perché quello che conta è la modalità dello scorporo degli investimenti dal deficit pubblico,"Corpus: Italian parliamentary debates (ParlaMint 2.1, CoNLL format) ",Quello che inizio però a non avere molto chiaro è quale sia la sua vera ambizione,Corpus: ELEXIS Italian Web 2020," Ciò che più conta, però, è che la liquidità arrivi davvero alle imprese.","Corpus: Italian parliamentary debates (ParlaMint 2.1, CoNLL format) ",,,,,,,,,,,Lorenzo Albanesi,
,73,Speigare di essere senza soldi ,"Aus. essere, Prep, N.","Pragmatica, Descrittiva ",lexically filled idiom,situation,lexically filled,Preferiva essere in bolletta e ricominciare da zero piuttosto che restare sottomesso al padre e smerciare alcol.,Glosbe dizionario online,"Doveva essere in bolletta sparata – non comprava mai, per esempio, abiti nuovi, solo scarpe e vestiti di seconda mano.",Glosbe dizionario online,Si può essere figli di industriali ed essere in bolletta.,Glosbe dizionario online," 

Non dirmi cosa significa essere in bolletta finché non sei stato in bolletta in una grande città
",Glosbe dizionario online,"
Be’, c’è sicuramente una via di mezzo tra l’essere in bolletta e l’essere ricco sfondato, George.

 ",Glosbe dizionario online,,,,,,,,,,,Sofia Guizzardi,"Nelle zone da cui provengo, Modena, viene usata molto più spesso in dialetto rispetto all'italiano. "
,74,"""Stare"" with Noun Phrase used as Adverb/Prepositional Phrase","stare ART N
Formal variants: stare ADV ART N",PRAGMATIC,"formal idiom, lexically open, unformal","intensification, context dependence",partially filled/schematic,“Come state?” “Io sto una bomba. Sono a Helsinki da qualche giorno.”,Corpus: Italian Web 2020 (itTenTen20),"Da quando è partito sto uno straccio, sono distrutta, sto malissimo, la mia vita non ha più senso.",Corpus: Italian Web 2020 (itTenTen20),"Se non vado subito a casa a mangiare e dormire, domani starò una schifezza.","Corpus: CORIS
","Non sto proprio una meraviglia, ma non abbastanza male da potermene stare a casa.",Corpus: Italian Web 2020 (itTenTen20),[...] e quindi stai veramente una merda quando sai che non è andata così.,Corpus: Italian Web 2020 (itTenTen20),,,,,,,,,,,Martina Paolucci,"It is a construction in evolution, only used in oral and informal conversations.
It coexists with the more usual and standard constructions stare + PP (sto di merda; sto da schifo) or stare + AdvP (sto come uno straccio).
It seems to be more used by speakers from Central and Southern Italy, where it is considered as almost stardard (especially in the regional Italian from Rome: sto 'na crema), while it is perceived as non-standard by Northern speakers."
,75,mongo- construction,[mongo-[X]]ADJ,PEJORATIVE,"prefixation, affixoids","pejorative, derogatory",partially filled/schematic,... dopo le parole der capitano devoiartri pronunciate alla finedi juve - aroma dominata dai bianconeri ... a squadragiallorotta s'e' squagliata come neve ar sole ... er burinomongolitico sa' come motivare i compagni ... ruotfl...... un pezzettino del 33° scudetto e' anche suo ...,https://it.sport.calcio.roma.narkive.com/O4XuorOP/grazie-totto,"Esiste, nell’umana varietà, una sottospecie particolarmente molesta situata nell’interstizio fra il Mongospastico e il Mongolitico, a non troppa distanza dal Nerd e nel quartiere confinante con quello dei Maniaci: è lo Svantaggiato.",https://idiotaignorante.wordpress.com/2011/12/10/,"vorrei un aiuto da voi ggiOvani.qualcuno è in grado di darmi definizioni esaustive e comprensibili dei termini ""bimbominkia"" e ""mongoflettico/mongoplettico""?
[...]
 
L'altra (mongoplettico) è un'offesa...è tipo un ""mongolo/mongoloide"" in versione 2.0",https://parmafans.forumcommunity.net/?t=55325773,"Tra mille anni la nostra ERA sarà ricordata nei libri di storia come il ""MONGOLITICO"", e ci saranno i nuovi Alberto Angela a raccontarla....",https://www.facebook.com/groups/altrogiornale.org/permalink/3035815399800810/,ciao sono un mongospastico e mi sento infastidito dal tuo messaggio.,https://it.arti.musica.strumenti.chitarra.narkive.com/KsyTdOEU/i-mongospastici-di-iamsc,,,,,,,,,,,Matteo Pucci,"Note 1: these adjectives, apart from the fact that they are offensive, have colloquial usage but their form is somehow mimicking technical terms from medicine or other sciences; as for mongolitico we can see that adjectives about archaeological eras (paleolitico, neolitico...) have a certain influence (even though it is hard to say whether it is subsequent to the word formation or a concurrent cause). The forms in -litico are reminiscent of informal adjectives like favalitico (from fava) used in some Tuscan varieties.
Note 2: most of the linked sources are written, but in a style that resembles common speech."
,76,Homolexemic binominal adverbial construction,Ni Prep Ni,SYMMETRICAL SPATIAL LOCATION or SEQUENTIALITY/STACKING,"same referent, noun, prepositional phrase","location, sequentiality, stacking",fully schematic,"


cosa d' omini // era una faccenda che si doveva sbrogliari
 faccia a faccia
 // non si mh non confessa a suo padre quello che e' successo


",Corpus: KIP,"


rotto // e i piatti i bicchieri rimasti sani che posera'
 mano a mano
sulla tavola // raddrizzandosi di tratto in tratto si


",Corpus: KIP,"La Type 91 del 1907 altro non era che una versione spider della Type 81, con la quale condivideva telaio e meccanica. La Type 91 era però una spider solo fino ad un certo punto: infatti, oltre ai due posti classici di una spider, ricopribili tramite una capote in tela, la Type 91 offriva addirittura altri 4 posti di fortuna, situati nella parte posteriore della vettura e sistemati su due file disposte schiena contro schiena.",Corpus: Paisà (https://www.corpusitaliano.it/static/documents/sources/116/1166370),"La via si percorre passo dopo passo. Se un passo è intenso e perfetto, lo sarà anche quello successivo. Pensiamo a fare ogni passo in maniera perfetta, non alla via. Non chiediamo altro che il nostro pane quotidiano. E cioè: qui e ora, il nostro presente.(Alejandro Jodorowsky)",https://aforisticamente.com/frasi-citazioni-e-aforismi-sulla-strada-e-il-cammino/,È stato tutto il tempo a farmi domande su domande.,Made-up example,,,,,,,,,,,Matteo Pucci,
,77,Modal prepositional phrase,a N,MODALITY,prepositional phrase,modalità dell'azione,fully schematic,"


io ero emozionatissimo ho letto // invece di di di di andare
 a braccio
 // di andare a braccio // praticamente ho parlato


",Corpus: KIP,questo // boh // ma io in genere prendo quello dolce cosi' a sentimento quindi mi sembra di notare una una differenza // quindi non,Corpus: KIP,"


sul materiale didattico // un file pi di effe che ho scritto
 a mano
 stamani // ci sono sedici pagine // con la dimostrazione


",Corpus: KIP,"Il fastidio sopraggiunge quando il nostro campo risulterà poco coerente rispetto alle frequenze di campo di chi stiamo incontrando, causando un’interferenza di contenuti tra noi e l’altro, che non sapremo cogliere coscientemente se non come un sentire di “fastidio a pelle”.",https://www.carmendimuro.com/post/2018/06/16/sentire-a-pelle,"- Ma non avevi riparato la tivù?!?
- Mah, a logica ora dovrebbe funzionare",Made-up example,,,,,,,,,,,Matteo Pucci,"Other examples can be: a occhio, a naso, a senso, a regola (variante di come regola)... a logica is probably restricted in (at least) the Tuscany area."
,78,Non stare a construction ,AVV NEG (non) +STARE + PREP (a) + V,PRAGMATIC ,"formal idiom, Preposition a",approximation,partially filled/schematic,"""Sì , per me va benissimo . Ma metterti a cucinare , semmai ordiniamo delle pizze .""",CORIS,"Che te ne frega della coerenza , o di quello che dice Pepe . Vai ora , perdere tempo , aggiungi donna a donna , e non metterti a contare",CORIS,,,,,,,,,,,,,,,,,sofia panzavolta,
,79,Menare il can per l'aia,"V, Obj, Compl",Pragmatica,"grammatical idiom, lexically filled idiom","context dependence, situation",lexically filled,"E' qui che abbiamo un problema, un dilemma, e dobbiamo affrontarlo apertamente anzichè menare il can per l'aia.",Glosbe dizionario online,"La sua segretaria continuava a menare il can per l'aia, dicendo che non poteva rispondere al telefono.",Glosbe dizionario online,"Non voglio menare il can per l'aia, ho davvero bisogno del mio telefono.",Glosbe dizionario online,"Dato che sei al corrente del mio segreto, non serve a niente menare il can per l'aia.",Glosbe dizionario online,"Non ha senso menare il can per l'aia, o fingere che non stia succedendo quello che sta succedendo.",Glosbe dizionario online,,,,,,,,,,,Federica Lando,
,80,Homolexemic binominal adverbial construction #2,Ni Prep Ni,Expression of a large quantity/set or a high degree of something. Possible negative connotation of annoyance.,,,fully schematic,continua ad accumulare errori su errori,CORIS,sono due anni che faccio esami su esami al colon,CORIS,ricevo in continuazione libri su libri,CORIS,comincerà a far domande su domande,CORIS,"La logica pretende di farla da padrona e queste sono le inevitabili conseguenze:
odio su odio.",CORIS,,,,,,,,,,,Lara Cipelletti,
,81,battere un colpo,V + N,pragmatica,"Substantive idiom, idiom of encoding, lexically filled idiom",,lexically filled,"Comunque, puoi dirle di battere un colpo quando ha un minuto?",Glosbe dizionario online,"Credo che ora spetti al Parlamento, per così dire, battere un colpo.",Glosbe dizionario online,"Ruth ringhiò, e senza battere un colpo, balzò sull'uomo, infilandogli i denti nella gola.",Glosbe dizionario online,Circa cinque minuti dopo sentì battere un colpo esitante alla porta.,Glosbe dizionario online,,,,,,,,,,,,,Sofia Bonmassar,
,82,être en train de,V + Prep + N + Prep,grammaticale aspettuale,"extragrammatical, formal idiom, lexically open",,lexically filled,Et le tueur pourrait être en train de chercher sa prochaine victime.E l'assassino starà cercando la prossima vittima.,Reverso context dizionario online,La même chose pourrait être en train de se passer aujourd'hui.La stessa cosa potrebbe accadere oggi.,Reverso context dizionario online,Je suis censée être en train de prier.Adesso io dovrei essere in preghiera.,Reverso context dizionario online,,,,,,,,,,,,,,,Sofia Bonmassar,
,83,prendere + nome,prendere + nome,pragmatica,,,partially filled/schematic,prendere sonno,,prendere paura,,prendere freddo,,,,,,,,,,,,,,,,,
,84,"Costruzione enfatica con il doppio ""che""","che (x) che (y)
che+Adj+che+V",funzione enfatica.,"che polivalente, lexically open, che construction","intensification, focus marker",partially filled/schematic,che bene che sto,ideata da me stessa,che grande che è,ideata da me stessa,che bene che ti voglio,ideata da me stessa,che brutto che è quel maglione,ideata da me stessa,che bello che vieni,ideata da me stessa,,,,,,,,,,,Mariasofia La Cava,
,85,è ora di construction,è ora di V,PRAGMATIC,minimally filled idiom,"action, time",partially filled/schematic,"Luisa, che forse è stata anche felice nei suoi anni di matrimonio con Bruno, scopre che è ora di dire addio a tutto questo.",CORIS,"Ops, suonano, è ora di andarsene.",CORIS,"Per quanto riguarda gli argomenti dei suoi assertori, è ora di smetterla con la storia della nostra tradizione, delle nostre peculiarità.",CORIS,Forse è ora di capire davvero che non c'è nulla da salvare.,CORIS,è ora di esaminare il contributo della teoria sociale a questo riguardo.,CORIS,,,,,,,,,,,Lorenza Gambetti,
,86,"motion verb + ""a"" + infinitive construction",V1 (motion) + PREP (a) + V2,pragmatic,"lexically open, Preposition a","action, modalità dell'azione, durativity, imperfective aspect",partially filled/schematic,quando Orfeo si gira a guardare Euridice,"https://ricerca.repubblica.it/repubblica/archivio/repubblica/2011/04/22/quando-orfeo-lascia-euridice.html
",la prego di scusarmi se non potrò restare ad ascoltare la sua risposta,"https://context.reverso.net/translation/italian-english/restare+ad+ascoltare 
> 
https://www.statmt.org/europarl/v7/it-en.tgz
",E quindi uscimmo a riveder le stelle,"Dante Alighieri, Inferno, XXXIV, 139",si è fermato a chiacchierare,"https://corpora.ficlit.unibo.it/TCORIS/Context.php?Start=123144192&End=123144195
",E tutti sono andati a preparare la partenza,"https://corpora.ficlit.unibo.it/TCORIS/Context.php?Start=80159752&End=80159753
",,,,,,,,,,,,
,87,anna ciarlantini,"""Visto che...""",,formal idiom,"context dependence, focus marker, sequentiality",lexically filled,"visto che ieri siamo andati al parco, oggi non ci andremo",,"visto che tu sei fatto così, allora è meglio se non mi parli più",,,,,,,,,,,,,,,,,,,
,88,"""prendere per"" construction",prendere + Prep + Art + N,Pragmatic,formal idiom,intensification,partially filled/schematic,"Io e Francesca eravamo incantati da quel racconto. Infatti credo che a Federico sia dispiaciuto doverci confessare che non era vero, e che si era inventato tutto per prenderci per il culo. È sempre stato un suo talento raccontare palle.",CORIS,"Vogliamo prenderci in giro? Se è così, facciamolo pure. Ma non andiamo avanti con questo ritornello se no la Roma si lascerà prendere per i fondelli dall'intero mondo calcistico.",CORIS,"Proprio come a Lisbeth Salander, gli piaceva risolvere rompicapi ed enigmi. Pare che si divertisse particolarmente a prendere per il naso altri matematici costruendo problemi ma tralasciando di includere la soluzione.",CORIS,"Sei andato di fuori, piedipiatti. Alzò la Colt. Ti avevo avvertito di non prendermi per il bavero. E io te l’avevo detto che era troppo furba per nascondersela addosso replicò Malone",CORIS,"Marco è una persona paziente e accomodante, ma diventa molto severo con chi tenta di prenderlo per il fondo dei calzoni.",Invented ,,,,,,,,,,,Michela Buglione,
,89,non fa che costruction,non fare (altro) che V,pragmatica,che construction,"durativity, pejorative",partially filled/schematic,"Per la strada, non fa altro che parlare.",Reverso context dizionario online,Quel bebè non fa altro che piangere.,Reverso context dizionario online,Non fa che dire pallonate.,Treccani,Tuttavia preoccuparsi di ciò che potrebbe succedere domani non fa altro che aggravare il carico emotivo di oggi.,Glosbe dizionario online,"La violenza non aiuta nessuno; non fa che promuovere odio, divisioni, frustrazioni e problemi a non finire.",Glosbe dizionario online,,,,,,,,,,,Ling Yue,
,90,"Construction of the pronominal verb ""avercela con""",avercela + con + N/P,Semantica,"formal idiom, unformal","EMOTIVE, durativity",partially filled/schematic,insegna che non ha più senso  la prima moglie...,CORIS [MONITOR2001_04],Potevo  Ugo per aver spezzato...,CORIS [CORIS1980_2000],pur precisando di non  il governo...,CORIS [CORIS1980_2000],Non ho motivo di  lei...,CORIS [CORIS1980_2000],,,,,,,,,,,,,Naomi Feraco,
,91,Cadere in costruzione ,V + Prep(sempl) + Sostantivo,Semantico/Pragmatica,semi fixity,situation,partially filled/schematic,Cadere in trappola,Parlante nativo,Cadere in inganno,Parlante nativo,Cadere in rovina,Parlante nativo,Cadere in disgrazia,Parlante nativo,Cadere in fallo,Parlante nativo,,,,,,,,,,,Vanessa Tizzano,
,92,X1 conjunction ri-X1 - construction,X1 conjunction ri-X1,pragmatic,repetition,intensification,fully schematic,"Lui con la testa china su un foglio che legge e rilegge muovendo le labbra, gli occhi socchiusi per correggere il suo difetto alla vista.",Corpus: CORIS,"Vi capita di avere problemi sul lavoro, oppure durante lo svolgimento di un' altra attività, perché vi perdete a fare e rifare una stessa cosa più volte del richiesto?",Corpus: CORIS,"Il presidente uscente Antonio D'Amato, che non può essere rieletto, studia e ristudia una candidatura di continuità con il proprio mandato.",Corpus: CORIS,"Hai ragione, lo so. Una dice e ridice le stesse cose, senza accorgersene.",Corpus: CORIS,,,,,,,,,,,,,Eleonora Gervasi,
,93,Costruzione del più,più X più X,Enfatica/Pragmatica,repetition,intensification,partially filled/schematic,Più si studia e più si impara,Parlante nativo,Chi più spende più guadagna,Parlante nativo,Più viaggi più conosci,Parlante nativo,Più passa il tempo più invecchiamo,Parlante nativo,Più leggi più impari,Parlante nativo,,,,,,,,,,,Vanessa Tizzano,
,94,Enfatizzazione ironica,Ma Aus Essere Agg Pron,Funzione pragmatica,Substantive idiom,"intensification, fakeness, disappointment",partially filled/schematic,"- Guarda che non si fa così.
- Ma sarai bravo tu!",Parlante nativo,"- Che brutta quella ragazza.
- Ma sarai bella tu!",Parlante nativo,"- Mi hanno detto che Luca è stupido.
- Ma saranno intelligenti loro!",Parlante nativo,,,,,,,,,,,,,,,Marianna Lorato,
,95,"""avere + N"" idiomatic construction","avere + N
Formal variant: avere + N + Prep; avere + ART + N + Prep",PRAGMATIC,"light verbs, formal idiom, lexically open",categorization,partially filled/schematic,"Le sue parole sono solo per i contadini, che hanno sete di vita",CODIS,il passare degli anni dimostrò a tutti che aveva stoffa in quel mestiere.,CORIS,"dice che un uomo non ha cervello quando è stupido, che non ha cuore quando è meschino, che non ha fegato quando è un fifone.",CORIS,Braudel ebbe agio di scrivere pagine memorabili,CORIS,Perché chi ama le scritture ed ha fame di conoscenza e verità dovrebbe rigettare l’ idea di un profeta vivente?,CORIS,,,,,,,,,,,Martina Bianco,"Costruzione frequente nel parlato, spesso sostituibile con un’unica parola (solitamente un verbo) o una locuzione fraseologica

avere fame / sete di = desiderare
avere la stoffa di / per = essere capace
avere fegato = avere coraggio
"
,96,a fagiolo construction,V a fagiolo ,pragmatica,"modality, Preposition a",intensification,partially filled/schematic,Questo sondaggio capita proprio a fagiolo,PAISA',"Indubbiamente non ci saranno difficoltà ad invocare misteriose ragioni di sicurezza, ma ecco tuttavia che queste cadono a fagiolo per evitare a Saviano di fare « cattiva pubblicità all' Italia » , come dice un certo Silvio Berlusconi",PAISA',"E l' invito è cascato a fagiolo, visto che un' altra serata sanremese non l' avrei retta senza essere supportato da una sufficiente quantità d' alcol",PAISA',,,,,,,,,,,,,,,Cecilia Scarabel,
,97,perdere ART N,perdere ART N,Pragmatic,formal idiom,,partially filled/schematic,"Sul finire del liceo mi aveva detto di avere passato un periodo critico, legato alle scelte della sua vita futura, probabilmente aveva conosciuto molto da vicino la sofferenza psichica e il rischio di perdere la strada.",CORIS,Ogni momento che passava con quei due schizoidi le faceva perdere la bussola.,CORIS,Sapeva che persino i migliori chef arrivano a perdere la tramontana.,CORIS,"In effetti le digressioni sono ""tante e tali"" da far perdere l'orientamento anche a Salviati, nonché al lettore.",CORIS,Bersani richiama all'ordine: il turbine di alleanze e di polemiche che sta investendo le nostre tlc non farà perdere la rotta al Governo.,CORIS,,,,,,,,,,,Elena Zampieri,
,98,"Paragone con ""per quanto""","per quanto + ESSERE + aggettivo, per quanto + ESSERE + aggettivo.",Esprimere un paragone.,repetition,,lexically filled,"Per quanto è brutto, per quanto è intelligente.",,,,,,,,,,,,,,,,,,,,,
,99,Farsi le ossa ,V + N,Pragmatica ,"Substantive idiom, idiom of encoding",,lexically filled,Viene poi mandato nelle federazioni di sviluppo per farsi le ossa.,bab.la - dizionario online italiano-inglese ,In quell'azienda mi sono fatto le ossa per dieci anni.,facebook - impariamo l'italiano ,"E’ stato importantissimo farsi le ossa in una realtà più piccola, perché ti permette di capire il funzionamento e la visione di un’azienda.",Blog - italiano naturale ,,,,,,,,,,,,,,,,
,100,"Emphatic construction with ""quanto"" + Adj",quanto sono Adj (di X),"Expression of and emphasis on a feeling and, if specified, what causes it.","lexically open, grammatical idiom, unformal","intensification, EMOTIVE",partially filled/schematic,Quanto sono lieto di essere partito!,itWaC,Hai visto quanto sono impazienti i loro figli di offrirsi volontari come tributi.,CORIS,Volevo dirti quanto sono fiera di te.,CORIS,"Ah, quanto sono stufo di tutte le cose inadeguate...",itWaC,Mamma mia quanto sono migliorata e quanto sono pentita di non averlo fatto prima!,itWaC,,,,,,,,,,,Laura Marion,
,101,Adverb reduplication,"Adv, Adv",Pragmatic,"reduplication, repetition",intensification,fully schematic,"Poi piano piano ho pensato che l'idea non era poi così malvagia.
 ",CORIS,Essi non si offesero e tornarono adagio adagio ai loro posti .,CORIS,Dovrà permetterci di ritrovare un tragitto analogo a quello che ti ho detto or ora.,CORIS,"I primi giorni va poco poco lì intorno, poi il giro si allarga fino al bosco e alle colline.",CORIS,"E siccome gli altri lo sapevano, erano certi di dover udire cose sconvolgenti: o bene bene o
male male.",CORIS,,,,,,,,,,,Maddalena Bartezzaghi,
,102,Non ... ne frega,AVV NEG (non) + PRO + CLITICO (ne) + V (frega) + SN/SAVV,SEMANTICO/PRAGMATICA,unformal,EMOTIVE,partially filled/schematic,Non me ne frega niente ma proprio niente,corpus kiparla,Non gliene frega un cazzo,corpus kiparla,non te ne frega davvero nulla,intuition,non me ne frega un tubo,inutition,,,,,,,,,,,,,Luca Vezzoli e Giulia Massaggia ,^_^
,103,a parte che as a discourse marker,a parte che X,Discursive,formal idiom,"insubordination, idiom with pragmatic point",partially filled/schematic,"Biancaneve non mi piace. A parte che secondo me sa più di plastica che di mandorla, ma poi non idrata, unge e basta.",SketchEngine,Diversamente quando mi mandano la mora da pagare (a parte che non ne sapevo niente) mi rivolgo ad un avvocato.,SketchEngine,"A parte che secondo me a 56 kg stai bene, comunque cinque giorni non sono indicativi.",SketchEngine,"Cavoli anche a me piacerebbe mettere l'orologio nel display, a parte che adesso cambio l'autoradio.",SketchEngine,Figuramoci se è possibile installare una cosa come R-link che dà informazioni su tutta l'auto. A parte che secondo me un sistema touch-screen porta via l'attenzione alla guida.,SketchEngine,,,,,,,,,,,Elisabetta Manassero,
,104,Fare a meno di ,fare a meno di DET+ N / Vinfinitive,"rinunciare a [fare] qualcosa / a qualcuno o qualcosa (to give up on something/someone)
 ","complex predicates, light verbs",,lexically filled,Tuttavia l ' economista non può fare a_meno_di atteggiarsi a fervente sostenitore del progresso,CORIS,Quando poco prima_di prendere sonno ripensò al suo sogno non potè fare a_meno_di sorridere nel buio . ,CORIS ,La cultura orizzontale in altre parole non può fare a_meno_della cultura verticale .,CORIS ,,,,,,,,,,,,,,,Marica Belmonte,
,105,"""stare per"" costruzione","V (""stare"") + Prep (""per"") + V","Semantico-pragmatica (imminenza di un'azione, intenzione)",formal idiom,time,partially filled/schematic,"non so se quello che  per dire può consolarla , e consolarmi , ma io "" me la sentivo "" .","CORIS 
https://corpora.ficlit.unibo.it/TCORIS/Context.php?Start=1032310&End=1032310", per dimenticare i miglioramenti che sono stati apportati nella gestione dell ' intelligenza artificiale .,"CORIS
https://corpora.ficlit.unibo.it/TCORIS/Context.php?Start=15796865&End=15796865 ",Oggi poi hanno superato ogni record negativo sono due ore che  cercando di inviare un bonifico e nulla da fare e al call center non rispondono .,"CORIS
https://corpora.ficlit.unibo.it/TCORIS/Context.php?Start=28030080&End=28030080",Di colpo quello che  per fare perse ogni attrattiva .,"CORIS
https://corpora.ficlit.unibo.it/TCORIS/Context.php?Start=36911164&End=36911164","Promettimi che non rivelerai a nessuno quello che  per dirti , a_meno_che non sia io a darti il permesso .","CORIS
https://corpora.ficlit.unibo.it/TCORIS/Context.php?Start=38950204&End=38950204",,,,,,,,,,,Simona Izzi,
,106,"""al volo"" construction",N/V al volo,Pragmatica,adverb,"action, time, durativity",partially filled/schematic,Ti va un caffè al volo?,Parlante nativo,Alicia lesse al volo il messaggio ,CORIS,Mangiamo un panino al volo e poi ripartiamo,Parlante nativo,"Afferrai al volo il biglietto e vi lessi una scarna comunicazione : """,CORIS,Ti faccio un saluto al volo e poi vado a lavorare,Parlante nativo,,,,,,,,,,,Alice Cortesi,
,107,Fare finta,"Fare finta + preposizione (di) + verbo/ pron. indef
Fare finta + congiunzione (che) + frase subordinata
 ",Pragmatica,"che construction, prepositional phrase","fakeness, imitation",lexically filled, Facciamo finta che questo non sia successo,Dizionario Internazionale,Facciamo finta di aver ottenuto il lavoro,Dizionario internazionale,Fare finta di nulla,Treccani,Fai finta che io non ci sia,Parlante nativo,Fare finta di non vedere,Treccani,,,,,,,,,,,Lorenzo Tassinari,
,108,Far fare vs Lasciare fare,"Fare + un infinito 
Lasciare + un infinito ","Semantica, Pragmatica.","repetition, unformal","action, Causative construction         (the subject causes an action to be performed)",partially filled/schematic,Mia madre mi fa sempre mettere in ordine la mia stanza ,https://aulalingue.scuola.zanichelli.it/benvenuti/2017/11/09/i-verbi-causativi/  ,Ho fatto riparare la macchina al meccanico,https://accademiadellacrusca.it/it/consulenza/emfar-fare-qualcosa-a-qualcuno-emo-emda-qualcunoem-quando-il-causativo-causa-dubbi/17161 ,Ti faccio aspettare qualche minuto ,http://www.scudit.net/copertine/pdffarfare.pdf,Il padre lascia usare la macchina al figlio,http://www.scudit.net/copertine/pdffarfare.pdf,Ti lascio dormire a casa mia,http://www.scudit.net/copertine/pdffarfare.pdf,,,,,,,,,,,Mar'yana Galak,
,109,a discapito construction,a discapito + Prep + N/Pron,Semantic,,,partially filled/schematic,A partire dal 1999 cominciò il declino del club del principato a discapito di società più forti come il FC Santa Coloma ed il Sant Julià.,PAISA',Un altro argomento a discapito della sua teoria è che non è conosciuto nessun corso abbastanza lungo di un ghiacciaio che all' epoca avrebbe potuto trasportare delle pietre dalle colline alla pianura di Salisbury dove Stonehenge è stata costruita .,PAISA',"In breve tempo Rahvin divenne il vero sovrano , riempiendo la corte ed il regno di suoi fedeli servitori , a discapito di quelli fedeli alla regina.",PAISA',,,,,,,,,,,,,,,Alessandra Lombardi,
,110,"""tanto... quanto..."" contrstuction",tanto x quanto y,semantica,,,partially filled/schematic,Questa borsa è tanto bella quanto costosa,Esempio inventato da me,versa tanta acqua quanta ne assorbe la farina,https://dizionari.corriere.it/dizionario_italiano/T/tanto.shtml,"Quanto più brutali erano i giocatori, dal punto di vista della folla, tanto meglio.",Glosbe,,,,,,,,,,,,,,,Maria Scivicco,
,111,"Vedersela/Me la vedo io, veditela tu ",Morfologia e sintassi: verbo con uso intransitivo pronominale che si presenta in forme diverse.,"Il significato è ""occuparsi da soli di una data situazione""","complex predicates, unformal",action,partially filled/schematic,"Non ti preoccupare, me la vedo io.
 ",,Che se la vedino loro! Non ne voglio sapere nulla.­,,"Io di computer non ne capisco molto, veditela tu. ",,"Se non riesci a farlo, posso vedermela io.
 ",,"Hai scelto tu di fare l'università, te la devi vedere sa solo.
 
Adesso non ho tempo di fare i piatti, te la vuoi vedere tu? ",,,,,,,,,,,,Maria Olga Giaccari ,
,112,alla rinfusa ,prep + n ,modalità,,,lexically filled,Nella camera di Elena i vesiti sono sparsi alla rinfusa. ,Parlante nativo ,,,,,,,,,,,,,,,,,,,Chiara Acri ,
,113,Discontinuous reduplication N-dopo-N,Ni dopo Ni,MODIFIER = SUCCESSION / ITERATION / DISTRIBUTIVITY of N,"reduplication, discontinuous reduplication",intensification,partially filled/schematic,"Sono arrivata a capire, giorno dopo giorno, che siamo tutti ingannati da qualcosa o da qualcuno.",CORIS2021,"A Cagliari i giganti di Is Concias sono umiliati. Prima i vandali passavano indisturbati nel nurago, adesso sono addirittura i turisti a smontarlo pietra dopo pietra.",CORIS2021,"Effettivamente la Ferrari andava sempre migliorando, giro dopo giro, mano a mano che diminuiva la benzina.",CORIS2021,"Tutta la vita, la vostra e la loro. Traversina dopo traversina, galleria dopo galleria, stazione dopo stazione ci si rivela completamente. Quelli che abbiamo davanti non sono semplici viaggiatori, casuali utenti delle Ferrovie, ma uomini e donne mandati dal Fato. Diventano i nostri migliori amici ben sapendo che probabilmente, una volta arrivati, non li vedremo più.",CORIS2021,"MA ALLORA perché siamo qui? S’è chiesta mezza aula di Montecitorio al quarantesimo minuto del discorso di Massimo D’Alema […]. Minuto dopo minuto, numero su numero, il premier ha eretto l’ultimo baluardo, un muro di gomma sul quale far rimbalzare […] le ragioni mai nominate e neppure accennate per cui tutti erano stati convocati d’urgenza al capezzale del governo malato. Crisi, quale crisi?",CORIS2021,,,,,,,,,,,Francesca Masini,
,114,Discontinuous reduplication N-per-N,Ni per Ni,MODIFIER = SUCCESSION / ITERATION / DISTRIBUTIVITY of N,"reduplication, discontinuous reduplication",intensification,partially filled/schematic,"Esaminò il terreno centimetro per centimetro, spostando i vasi da fiori, esaminando dei vecchi sacchi.",CORIS2021,"[…] vogliamo potenziare sempre più la raccolta differenziata […] pensiamo quindi […] a individuare nuove aree per lo stoccaggio dei rifiuti speciali, con una raccolta terminal per terminal.",CORIS2021,"Il paesaggio è bellissimo, dolce, joyful; i bambini vanno a scuola, raccolti casa per casa, dal bus che passa ogni mattina.",CORIS2021,,,,,,,,,,,,,,,Francesca Masini,
,117,Reduplicazione discontinua del tipo: N-DET-N,"N DET N
(di cui DET è un articolo partitivo plurale).",INTENSIFICAZIONE,discontinuous reduplication,intensification,partially filled/schematic,"Signore dei signori
In Deuteronomio 10,17 Jahve è chiamato "" il Signore dei signori "" ( cf .  1 Timoteo 6,15 ) . ",ItWac Small,"Dio degli dei
perché il Signore vostro Dio è il Dio degli dei , il Signore dei signori , il Dio grande , forte e terribile , che non usa parzialità e non accetta regali , [ 18 ] rende giustizia all' orfano e alla vedova , ama il forestiero e gli dà pane e vestito .  ",ItWac Small,"Re dei re
Ritornato ad essere il mitico Re dei Re , ARDHASHIR vi costruisce il suo immenso palazzo reale .",ItWac Small,"Nodo dei nodi
Urge una nuova creatività anzitutto nella nostra cultura politica e quindi nelle sue forme e nelle sue strategie .  E' questo il nodo dei nodi che la sinistra deve sciogliere .",ItWac Complete,"Mistero dei misteri
Il non essere : il mistero dei misteri , l' ignoto degli ignoti",ItWac Complete,,,,,,,,,,,Vittoria Attolini,"Questa costruzione è piuttosto aperta: i suoi componenti, eccetto l'articolo partitivo, possono essere scelti arbitrariamente dal parlante, purchè siano sostantivi equivalenti, di cui il primo singolare ed il secondo plurale.
(L'idea è nata dalla visione di un episodio del cartone animato Spongebob, in cui il protagonista mostrava di essersi allacciato perfettamente le stringhe delle scarpe, creando così il nodo dei nodi, ossia un nodo perfetto. Siamo di fronte ad una evidente forma di intensificazione)."
,118,double verb assertion ,V1 (infinitive) V1,ASSERTION|APPROXIMATION,"repetition, assertion","approximation, sequentiality, assertion",fully schematic,"sport ne faccio, bere bevo, sono pure magra.",itTenTen20,"Se serve correre corro, ma di solito preferisco la sfida consumi ed un andatura tranquilla per godermi il panorama",itTenTen20,"Se c'è da correre corro, se c'è da andare piano vado piano... non mi preoccupo mai di dover consumare poco, guido e basta. ",itTenTen20,"per scrivere scrivo, ma nn riesco a viverci",itWAC,"Te lo chiedo, perchè dormire dormo , però, a parte i soliti due risvegli notturni...",itTenTen20,,,,,,,,,,,Giulia Gallai,
,119,Low version qualification,DET X dei poveri,QUALIFICATION of an external item Y through the reference to X,,,partially filled/schematic,"De Paola il cardine, ha 36 anni e mezzo, Neri la Fantasia, un tempo chiamato anche il Lentini dei poveri, 32 .",CORPUS: CORIS1980_2000,"Ieri ha perso Oliveira dopo 1 ' per espulsione forse troppo severa, seguita da una crisi di nervi. Da seguire Kallon, un Kluivert dei poveri. Sbaglia gol, ma ne fa tanti: a Reggio come a Cagliari, come a Genova .",CORPUS: CORIS1980_2000,I fichi una volta costituivano il pane dei poveri e in questa stagione si continuano a far seccare al sole e a farcire con le mandorle.,CORPUS: itTenTen20,"La Sardella, anche detta ""il caviale dei poveri"" è composta di neonate di sarde e acciughe essiccate al sole su tavole di legno e conservate in un impasto di olio e peperoncino.",CORPUS: MONITOR2008_10,"«Non a caso, la confessione è stata chiamata ""la psicoanalisi dei poveri""».",CORPUS: MONITOR2001_04,,,,,,,,,,,Jacopo Lombardi,
,120,Complemento di luogo in Friuli Venezia Giulia,là/lì/qua/qui + di + (articolo) + nome/pronome,"Espressione del complemento di luogo (stato, moto a, moto da)",formal idiom,intensification,partially filled/schematic,Ci vediamo là della scuola.,Dialoghi tra persone,Ti aspetto qua di casa mia.,Dialoghi tra persone,Sono lì di te.,Dialoghi tra persone,Vado là di Mario e torno.,Dialoghi tra persone,"Ero là del tabacchino che ti aspettavo, ma non arrivavi mai.",Dialoghi tra persone,,,,,,,,,,,Caterina Lupieri,
,121,Attenuazione del verbo,V un po',Attenuare l'azione.,"lexically open, verbi",attenuazione,partially filled/schematic,... come ? Ma con gli stessi missili del carro armatone ! Anzi il carro armato è dotato di grossi stinger ... ma guarda un po' te che coincideza ... è la stessa arma ( tralasciando le dimensioni ) che gli usa elargirono ai talebani nella guerra,ItWac Complete,") fatta da tutti i terrestri che hanno voglia e capacita' di scrivere le cose che sanno e diffonderle a tutti . Sentite un po' , per esempio : "" 1 . Biografia . Nasce a Palermo in un quartiere povero : La Kalsa , dove vivono tra gli altri Giovanni",Repubblica,"Città del Capo . SCOTTO : Cosa devo sentire !! Santa Maria di Leuca . BERTELLI : Ah ... Santa Maria di ... Vedi un po' che ho confuso un capo con un altro ? SCOTTO : Succede . BERTELLI : E di chi è , Santa Maria di Leuca ? SCOTTO : Rossa . BERTELLI",ItWac Complete,"semplicità , della leggerezza , della capacità di tirarsi indietro , quando occorre , di fronte alla realtà , e lasciare un po' che faccia lei . La prima inquadratura del film è bellissima e sembra già contenerne tutto lo spirito . È un dialogo fuori",ItWac Complete,"diceva al regista già noto nel mondo : "" Vedi caro , per questo film , soldi non ne ho , ma ti posso dare quel quadro . Trova un po' tu il modo di cavartela "" . Con quel quadro "" che però è restato nell' ufficio grandioso e delabre del produttore di cinema",Repubblica,,,,,,,,,,,Davide Baleani,"La Costruzione V un po' può anche:
 
- esprimere valori esortativi
esempio da ItWac Complete: , ma mentre la giornalista ne parlava hanno fatto vedere alcune immagini satellitari di Roma tratte indovinate un po' da dove ? Google Maps of course !! Ora questo era assolutamente sicuro visto che in alto a sinistra si vedeva chiaramente.
es da Repubblica: deve fare i conti con una realtà che , specialmente sulla costa jonica , non è certo entusiasmante . Facciamolo un po' , idealmente , questo giro in barca della regione . Dopo Maratea qualche possibilità di riparo c' è attorno all' Isola di
 
- esprimere valori ironici
esempio da ItWac Complete: . E l' Animoso sarà Vittorioso e sarà Orgoglioso di piantarti a terra con una lancia nel cuore , s' intende » . « Ma senti un po' ! » ironeggiò Orlando . « Be' , non so proprio se mi fermerò a darti una lezione . Potrei farlo solo se fossi sicuro che
 
- esprimere idee inaspettate
esempio da ItWac Complete: ufficiale della brigata . D' altronde è l' unica che ha avvertito il nostro "" fascino zenish "" ... io la arruolerei , pensa un pò ! Altra menzione è da farsi per la maglietta sfoggiata da Wild ... ero in estasi ! Wild tranquillo , se ho passato"
,122,Sbolognare + X,"V + X
X tendenzialmente corrisponde a un N
 ",Indica volontà di liberarsi di qualcuno/qualcosa.,"lexically open, assertion","vaghezza, IRRITATION, disappointment",partially filled/schematic,Cambiamenti sostanziali di questa realtà non se ne prevedono neanche per il futuro alla faccia delle promesse roboanti del direttore generale forse condizionato dal programma elettorale dell'Assessore alla Sanità che prevede di sbolognare la patata difficile della psichiatria dalle Aziende Ospedaliere alle ASL .,itWaC,per chi è interessato[...] potrebbe essere un buon motivo per sbolognare il vecchio botolone in vista dell' acquisto del 360.,itWaC,Non riusciamo a sbolognare un giocatore che sia uno.,itWaC,"Indubbio invece il vantaggio di sbolognare hardware vecchio , che magari con Linux funzionerebbe benissimo , e rivenderlo a un prezzo esagerato...",itWaC,adesso ho terminato francese ... e x sabato termino anche latino ... così poi mi manca solo il libro di inglese e i 3 temi di italiano che x forza me li devo sbolognare in due settimane ...,itWaC,,,,,,,,,,,Lavinia Fanelli,"Dal Vocabolario online Treccani: ""v. tr. [voce di origine furbesca, derivata prob. da Bologna, dove si fabbricavano e si vendevano oggetti d’oro falso o di bassa lega (oro di Bologna)] (io sbológno, ... noi sbologniamo, voi sbolognate, e nel cong. sbologniamo, sbologniate). – 1. a. Dare via, spacciare monete false: mi hanno appioppato dieci euro falsi, e non ho il coraggio di sbolognarli. b. estens. Dare via un oggetto di nessun valore o utilità, o di pessimo gusto, ricavandone o no un compenso: è una stoffa che ho in negozio da più di un anno, e non mi riesce di sbolognarla; quel soprammobile è orribile, al primo matrimonio lo sbologno come regalo. c. fig. Mandare via, togliersi di torno una persona non gradita, spec. un dipendente o un familiare: quell’impiegato non mi va a genio, ho intenzione di sbolognarlo al più presto; con tutti i quattrini che hanno, non riescono a s. le figlie (cioè a farle sposare). 2. Con la particella pron., e il pron. la indefinito, sbolognarsela, battersela, svignarsela"".
Tra parlanti sembra prevalere l'uso esemplificato in 1. b. 
Nell'uso comune il verbo sembra esprimere un'azione dettata da una certa impellenza.
 "
,123,"Costruzioni verbo + ""ore"" + aggettivo","V+ DET + ""ore"" + ADJ","Qualificazione del sostantivo ""ore"" attraverso l'uso di un verbo aggiunto all'applicazione di un ADJ esterno.",,,partially filled/schematic,"prima il governo Berlusconi che è durato appena nove mesi , poi un governo tecnico di un anno e adesso una maggioranza traballante che sembra avere le ore contate. Le sembra un buon risultato ? ",CORIS1980_2000,"Ma ora aveva addosso la polizia , così come l ' Fbi e i cartelli rivali . Fondato negli anni settanta da un personaggio dal nome altisonante , Juan Nepomuceno Guerra , che nel periodo del Proibizionismo contrabbandava alcolici negli Stati Uniti , il cartello sembrava avere le ore contate.",MONITOR2011_13,"A prima vista la guerra non sembra aver nemmeno sfiorato questo sito , che continua a presentare come sempre gli eventi culturali della capitale e a svolgere il suo ruolo di guida turistica , tra orchestrine jazz e caffè dove fare le ore piccole.",CORIS1980_2000 MISC,"Per fare le ore piccole, c 'è Jonnhos on the beach , a Sandy ground , la discoteca più scatenata , dove si ballano salsa e merengue in compagnia di rasta",CORIS1980_2000,,,,,,,,,,,,,Chiara Mancuso,
,124,"Costruzioni Avere+X+""in tasca""",V+Det+X+SPrep,"Possesso di ""X"" tramite SPrep.",,,partially filled/schematic,"dove l ' eco dei suoi passi , sostenuto dalle pareti della Galleria , cambia d ' improvviso e si fa apparentemente più sicuro , facendogli quasi credere di ",CORIS 1980-2000,"Consisteva nel fingere , di_fronte_all ' avversario , di non avere munizioni , di essere in balìa di lui e della clemenza della corte , di_modo_che l ' altro , avvertendo di , fosse portato a esaurire di botto i propri argomenti ",MONITOR 2005-07,Ciò significa non dare credito a chi dice di ,MONITOR2014_16,,,,,,,,,,,,,,,Benedetta Massani,
,125,Attenuazione dell'affermazione,quasi quasi + V,Attenuazione / Probabilità tendente al positivo / Affermazione attenuata / Reduplicazione,"reduplication, verbi",attenuazione,lexically filled,quasi quasi vengo a pranzo con voi.,CORIS,quasi quasi faccio il tifo per lui.,CORIS,quasi quasi rimpiango un volo di elicottero.,CORIS,Allora quasi quasi darei un'occhiata.,CORIS,Se procede bene io quasi quasi accetterei.,itTenTen20,,,,,,,,,,,Lea Quadrini,
,126,Pronome relativo preposto ,"Pron. rel. X  Y
x;y = v / adv. + v","Chi X (allora) Y; X implica Y; Y risultato, conseguenza di X",subordinazione,"risultato, implicazione",partially filled/schematic,"L'organo a canna non comunicò altro, ma chi tace acconsente, così il professore, col viso accaldato continuò il movimento .","Corpus: Coris 
Timeslice: CORIS 1980_2000  Subcorpus: NARRAT","chi rompe paga diremmo noi , chi inquina paga dicono i tedeschi .","Corpus: Coris
Timeslice: CORIS 1980_2000  Subcorpus: PRACC",Doveva rischiarla? Chi non risica non rosica.,"Corpus: Coris
Timeslice: MONITOR2005_07  Subcorpus: NARRAT",Ma... - Chi tardi arriva male alloggia! - sentenziò la maestra .,"Corpus: Coris
Timeslice: CORIS 1980_2000  Subcorpus: NARRAT","Ma..., come si dice: chi troppo vuole nulla stringe.","Corpus: Coris
Timeslice: CORIS 1980_2000  Subcorpus: STAMPA",,,,,,,,,,,Vincenzo Criscione,"Caso limite quello rappresentato dall'esempio chi tace acconsente. Se negli altri casi, infatti, il verbo della prop. reggente rappresenta un'azione cronologicamente successiva a quella veicolata dal verbo della relativa, nell'esempio sopracitato i due verbi sembrano definire azioni quantomeno contemporanee. Nonostante ciò la frase sembra coerente con la possibile costruzione proposta."
,127,Pippo construction,"Che + Adj./Name + Che + Verb
 ","From my point of view the Pippo Construction has a communicative function. One could use it in order to highlight a certain meaning within a sentence. Usually the meaning enanced owns a semantic of ""quality"" that is shown through an adjective or a particular connotation of a name. ",reduplication,intensification,fully schematic,"""Che bei capelli che hai""",,"""Che vita che facciamo""",,"""Che buono che è""",,"""Che disastro che ho combinato""",,"""Che piene che sono queste borse""",,,,,,,,,,,,Angelica Vittorino,Probably none of the things written makes sense. Thank you for the opportunity though. 
,128,'non importa' construction,non + PronPers (DAT) + ne + 'fare' (3pers sing) + niente,Semantica,complex predicates,mitigation,partially filled/schematic,"Alla fine, non me ne fa niente di pulire il bagno.",Esempio inventato,,,,,,,,,,,,,,,,,,,Chiara Di Deco,
,129,doppia negazione,non è che non + V,Attenuare. Sottoindende da parte di chi parla una presa di distanza da ciò che la prima negazione nega.,,,partially filled/schematic,"Precisiamo , però ; non è che non provassi sconcerto , ero anzi in_preda_all ' angoscia e del mio diaframma l ' orrore aveva fatto un anello di acciaio che serrava fino_a togliermi il respiro .","CORIS
Time Slice:	CORIS1980_2000
SubCorpus :	NARRAT","Ma c ' era un altro ( forse Chesterton ? ) che aveva detto : da quando gli uomini non credono più in Dio , non è che non credano più a nulla , credono a tutto .","CORIS
Time Slice:	CORIS1980_2000
SubCorpus :	NARRAT","Mi spiego : non è che non vorrei farlo sapere per i giudizi politici , perché ho alle spalle una lunga interlocuzione con il mondo cattolico .","CORIS
Time Slice:	CORIS1980_2000
SubCorpus :	STAMPA","Sai , se a un uomo gli fai vedere un ponte , anche se poi lo togli di mezzo non è che non attraversa più il fiume .","Time Slice:	MONITOR2005_07
SubCorpus :	MISC
","Vedi, non è che non voglio , ma questo non si può davvero fare.","CORIS
Time Slice:	MONITOR2001_04
SubCorpus :	NARRAT",,,,,,,,,,,Greta Gorzoni,
,130,Differenza di anni ,portarsi + ADJ + N,"Esprimere la differenza anagrafica tra persone.
Si tratta di un regionalismo colloquiale ",verbi,time,lexically filled,Io e lui ci portiamo tre anni. ,Discorso orale informale,,,,,,,,,,,,,,,,,,,Simona Contaldi ,
,131,"Costruzioni ""in croce""",Num+N+in croce,Sottolineare la quantità ridotta di N.,,,partially filled/schematic,"Molto, molto sangue! Che dire poi dei personaggi... Mario che non ha ancora imparato due parole in croce di inglese, che ormai serve per forza sennò non ti assumono da nessuna parte.",Corpus: itTenTen20,d'estate DI NON FARE L'ESCURSIONE COSTA SUL DELTA DEL DANUBIO....è stato un incubo...abbiamo visto tre volatili in croce ...e per tre ore lo stesso panorama....con un caldo pazzesco anche nella parte del battello dove si pranza,Corpus: itTenTen20,"Purmamarca, ai piedi del Cerro de los siete colores. Purmamarca è un piccolo minuscolo paesino, davvero "" quattro case in croce "", ma è bellissimo, con la solita piazzetta centrale daventi a una chiesetta bianca, piena di bambini che giocano",Corpus: itTenTen20,"Ma e governato da un branco di inconpetenti. E va beh, però non si può paragonare...loro hanno 5-6 trasmettitori in croce , nessuna sfn da sincronizzare, tutto il resto è pay, via sat o via cavo....",Corpus: itTenTen20,"Domenica 13 Novembre 2016, 19.48.07 Non lo so, è che mi sono stufato di parlare sempre e solo dei solito 15 album in croce che hanno fatto la storia del metal anni 80, siamo nel 2016 cavolo, parliamo di album fondamentali per questa epoca",Corpus: itTenTen20,,,,,,,,,,,Elisa Puhar,
,132,In lungo e in largo,"preposizione1, aggettivo1, congiunzione, preposizione1, aggettivo2.
 ",Intensificare un'azione ,pseudocoordination,"intensification, modalità dell'azione",partially filled/schematic,"1. In pochi anni percorse in lungo e in largo l'Egitto, risalendo il fiume Nilo fino ad Assuan, scoprendo sotto la sabbia il tempio di Abu Simbel. 
 
 ","https://www.corpusitaliano.it/
","2. In vista delle importanti elezioni del 1932, Hitler e il suo entourage girano la Germania in  lungo e in largo.
 
 ",https://www.corpusitaliano.it/,"3. Ho visitato la Spagna in lungo e in largo
 ",Myself,"4. L'ho cercato in lungo e in largo per tutto il giorno
 ",Myself,5. Hanno girato in lungo e in largo in macchina senza trovare il posto giusto.,Myself,,,,,,,,,,,Giada Viscido,
,133,"Costruzione ""che""",che+N/Adj,Intensificazione o attribuzione di qualità (solitamente positive o dimensionali) a N/Adj,,,partially filled/schematic,"in lontananza vedo un gruppo di persone che va in direzione dei convogli. Le porte si aprono velocemente, che fortuna ! Il presidente del consiglio d'Europa rientra a casa per il fine settimana, si parte in perfetto orario.",corpus: itTenTen20,"Comunque sto scrivendo davanti al pc bagnato fradicio d'acqua , che bello ! Voi direte ""Come che bello ??!"" , e io vi rispondo che non c'è cosa più bella.",corpus: itTenTen20,"che tajo! che figata, ragazzi! se avessi la play 2 me lo comprerei anche a 200 euro! ma che forza! avete visto i neri del ghetto con la macchina con le sospensioni truccate?",corpus: itTenTen20,"non è piu la mamma che avevo prima...l'ha venduta xke aveva bisogno di soldi... ma quella casa io l'amavo tantissimo.. che tristezza ...non voglio vedere chi ci abita li,mi sembrerebbe che fossero ancora a CASA MIA....purtroppo mia non la è piu.. eh no.",corpus: itTenTen20,la Forza scorre potente da queste parti e ha comprato casa sulle colline di Passignano sul Trasimeno. E che casa! Si tratta di un ex convento a due passi dal Lago Trasimeno e lo ha ristrutturato in grande stile.,corpus: itTenTen20,,,,,,,,,,,Elisa Puhar,
,134,espressioni per esprimere quantità ,"Det+ N + Prep + Agg/ N 
Un botto (di) + Agg/ N",Utilizzato in luogo di un avverbio per indicare quantità o qualità,adverb,plurality,partially filled/schematic,è un botto di tempo che non ci vediamo ,conversazioni tra persone ,ci sta un botto di persone ,"conversazioni tra persone 
",questo film è un botto bello ,conversazioni tra persone ,,,,,,,,,,,,,,,Federica Giovanna Marchiselli ,
,135,"Costruzione ""che...che""",Che+N/Adj+che+V,intensificazione di N/Adj,,,partially filled/schematic,La Guest House dov'ero era piena di Giapponesi..simpatici ma che timidoni che sono in generale..hi.hi.hi...haligato'!,corpus: itTenTen20,passiamo il tempo a chiederci perché si vive lo dice senza voce quel musino che sorride. Guarda che sole che splende sopra di noi Nicole meraviglioso non trovi? tu prendi sonno e intanto io ritorno bimbo,corpus: itTenTen20,"Senti il profumo di rosa e tiglio, il suo bisbiglio ma perché ti voglio io ancora non lo so. Emily, Emily Emily, ma che curiosità che ho , Emily. Una grande carrellata di profili femminili e una prova di grande capacità narrativa.",corpus: itTenTen20,s'irradiano gentilmente nel silenzio della stanza colorando d'improvviso mura stinte e desolate; ah che pace che provo nel meditare la rinomata nonché saggia brevitas d'una giovane donna che carezza i silenzi,corpus: itTenTen20,"Poi c'è Lui, il vicino affascinante ed enigmatico che la maltratta quando la incontra ma la raccatta quando è a pezzi... che peccato che sia gay. E c'è anche Lui, il suo allievo piccolo piccolo che le chiede coraggio e un supereroe in prestito.",corpus: itTenTen20,,,,,,,,,,,Elisa Puhar,
,136,Alzare  figurato ,Alzare + det + N (parte del corpo), funzione metaforica del verbo alzare collegata ad una parte del corpo  per indicare un movimento  più o meno figurato riscontrabile con uno stato d'animo ,,,partially filled/schematic,alzare gli occhi (al cielo),,alzare il gomito ,,alzare le mani (contro qualcuno),,"alzare la voce 
 ",,,,,,,,,,,,,,Alessandra Simonetti,esempi come alzare la voce e alzare gli occhi  potrebbero non  rientrare  pienamente nella definizione che si è cercato di proporre
,137,Venire alle mani,verbo di moto (usato in senso figurato) + preposizione articolata + sostantivo,espressione informale,,,partially filled/schematic,Una ticinese e un controllore Ffs sono venuti alle mani,https://www.tio.ch/svizzera/cronaca/1701915/una-ticinese-e-un-controllore-ffs-sono-venuti-alle-mani,Siamo quasi venuti alle mani. Voleva dimostrare di non essere stupido,https://www.ilgazzettino.it/esteri/harry_spare_ghostwriter_cosa_ha_detto-7393977.html,"Nella MotoGP del politicamente corretto e del volemose bene, due piloti sono venuti alle mani",https://www.oasport.it/2023/05/motogp-bagnaia-e-vinales-sono-venuti-alle-mani-cosa-e-successo-a-le-mans/,"Due studenti, di cui uno minorenne, sono venuti alle mani a seguito di una serie di insulti",https://www.orizzontescuola.it/insegnante-tenta-di-sedare-rissa-tra-studenti-ma-prende-un-pugno-in-faccia-rischia-di-perdere-un-occhio/ ,Si è messo in mezzo Riccardo e lui e Armando sono arrivati alle mani,https://www.ilgazzettino.it/cultura/rissa_uomini_e_donne_armando_incarnato_riccardo_guarnieri-7362989.html,,,,,,,,,,,Francesca Sarti,
,138,ac,V+Art+N+Det.,expressive; metaphorical,,,partially filled/schematic,Spero di non aver fatto la figura del vanitoso presentandomi così,,"Io l’ho trovato meraviglioso, come fare la figura del cretino senza che nessuno ti abbia chiesto nulla",,"Questa vuole fargli fare la figura del pollo come Heidi, lo illude per poi farlo ingelosire con altri, peccato che e’ storia già vista",,,,,,,,,,,,,,,,,
,139,Construction 'vuoi' X 'vuoi' Y,vuoi X  vuoi Y,Funzione discorsiva al fine di fornire più opzioni per spiegare una causa. ,,,partially filled/schematic,"l ' aspirazione - vuoi per tradizione , vuoi per leggibilità , vuoi per l ' affetto verso il profumo di carta , inchiostro e legatura - sembra proprio essere sempre quella , andare in libreria . ",CORIS,"Di fronte a una stima di questo genere non mancheranno voci dissonanti , pronte a gridare all ' inattendibilità di una proporzione esagerata vuoi per difetto vuoi per eccesso .",CORIS," E vuoi il caldo , vuoi il fatto che la guerra è andata come è andata , io proprio non me la sono sentita di farmi mettere sotto da una foto ",CORIS,"potevamo anche finire come nel primo anno nel Sud - Ovest , decisamente più agevole ma evidentemente vuoi per sfortuna , vuoi per chissà che altro da due anni ci dovevamo guadagnare la finale con squadre che magari venivano dalla zona ai limiti della Brianza ",CORIS,"nel senso che la poesia narra fatti possibili , vuoi verosimili , vuoi necessari , ma sempre generali ",CORIS,,,,,,,,,,,Erica Solinas,
,140,Piace/piacciono,Pronome personale complemento + piace/piacciono + qualcosa/ qualcuno o verbo all'infinito ,"Esprimere il concetto di preferenza di qualcosa/qualcuno o di fare o non fare qualcosa.
Può essere usata alla forma affermativa, negativa e interrogativa.",grammatical idiom,,fully schematic,Mi piace ballare,None,A Marco piace la frutta ,None,Le piacciono le albicocche ,None,Non le piace discutere ,None,Ti piace Bologna?,None,,,,,,,,,,,,
,141,Ancora ora Construction,Ancora + ora + V (di sorpresa) ,"""Ancora"" come equivalente di ""soltanto"". ",formal idiom,risultato,partially filled/schematic,Ancora ora noto che i tuoi occhi sono color nocciola.,,Ancora ora scopro che la lezione comincerà alle 13 e non alle 14.,,Ancora ora mi accorgo che Filippo non è venuto all'aperitivo.,,Ancora ora vedo che non hai sparecchiato la tavola.,,Ancora ora scopro che il secondo nome di Giacomo è Matteo. ,,,,,,,,,,,,Fabiana Capozzi ,"Tutti gli esempi hanno come fonte l'esperienza. Di evidenze nei copora non ce ne sono, ma il risultato era atteso date le caratteristiche della costruzione. L'idea della costruzione nasce dalla frequentazione di persone provenienti dalla Puglia. La costruzione risultava assolutamente grammaticale alle loro orecchie, mentre alle mie e a chi non proveniva dallo stesso posto no.  "
,142,"Verbo+che+""aria tira""","Verbo+che+""aria tira""
 ",to express understanding of a situation,,,lexically filled,"Ieri, in occasione dei già documentati provini della seconda edizione di X Factor, abbiamo chiacchierato con Francesco Facchinetti per capire che aria tira nei nuovi casting e in questo suo periodo professionale fortunato e ricco di impegni.",www.corpusitaliano.it,"""Come crede che si sentano ? In Albania , e tutti sanno che aria tira lì, ci sono ragazzi che appartengono a corpi di cui si chiede lo scioglimento. Me lo dica: come crede che si sentano?"" L'ammiraglio Guido Venturoni, capo di stato maggiore della Difesa",corpora.ficlit.unibo.it/CODIS/,"Anton Antonovic, non era mia intenzione ... ""Ma che succede"", continuò tra sé e sé il nostro eroe, rimasto solo, ""ma che aria tira da queste parti e che cosa significa questa nuova piega della faccenda?""",corpora.ficlit.unibo.it/CODIS,,,,,,,,,,,,,,,Julia,
,143,ADJ-per-ADJ reduplicazione discontinua,ADJi per ADJi,Sottolinea il fatto che una situazione non sia più modificabile,reduplication,,partially filled/schematic,"Per le crocette..... beh, io sono più indulgente: c'è gente che affila col flex e il lamellare... a sto punto, persa per persa .... Un saluto, e ancora Complimenti, buaon affilatura a tutti!!! ",ItTenTen20,e poi se è sotto terra di un solo metro perchè non provare a trattenere il respiro e mentre la cassa si sta rompendo non provare ad uscire? tanto morto per morto ... e poi sul finale appare ovvio che non lo stiano trovando..,ItTenTen20,Sta volta pero' resto pessimisita vista la performance degli ultimi 3 mesi .  Mi chiedevo se pazzo per pazzo mi convenisse rischiare qualcosa con ETF short cosi almeno se il prezzo continua a scendere recupero in parte qualcosa.,ItTenTen20,"Alle volte era veramente troppo triste.  Un giorno decise che triste per triste , conveniva rinunciare alla sua foglia sicura e alla pappa preparata dalla mamma. ",ItTenTen20,"Fissata la data dell'intervento( dopo circa 2 mesi) ho continuato a giocare, tanto rotto per rotto ....quando mi hanno operato la lesione era completa.",ItTenTen20,,,,,,,,,,,Irene Vivani,
,144,Avere a che fare con X,Avere a che Fare/Vedere con X,Relationship ,,,partially filled/schematic,Non voglio avere niente a che fare con lui,,Questo argomento non ha niente a che fare/vedere con lo scorso ,,,,,,,,,,,,,,,,,,,
,145,NN subordinative compounds capo-X,[[capo] [x]Nβi]Nγj,[HEAD of X],"compounding, morphology","agent nouns, occupational nouns",partially filled/schematic,"Alessia era la capoclasse (head+class) e , come tale , aveva cercato di esercitare la sua autorità.
'Alessia was the class leader and, as such, had tried to use her authority'.",CORIS 2021,"Voi tutti al massimo potreste fare i capiclasse (heads+class) in una prima elementare con la didattica a distanza.
'All of you could at best be class leader in a first grade class with distance learning'.",CORIS 2021,"Un impiegato potrebbe denunciare domani il capufficio (head+office) perché , non promovendolo , gli ha fatto venire l' ulcera.
'An employee could sue his office manager tomorrow because, by not promoting him, he gave him an ulcer'. ",laRepubblica corpus,,,,,,,,,,,,,,,Silvia Micheli,Plural is generally formed with internal inflection (see example 2).
,146,Exocentric compounds,"[[x]Xαk [y]Yβi]Xγj
 ",[SEMk in R with SEMi]j,"compounding, morphology","exocentricity, exocentric compounds",fully schematic,"Quel pettirosso (breast+red) era come un segno del destino.
'That robin was like a sign of destiny'.",CORIS 2021,"A ridosso della parete ci sono la cucina a gas , lo scaldabagno (to heat+bathroom), la lavastoviglie (to wash+crockery).
'Close to the wall there are the gas cooker, the water heater, the dishwasher'.",CORIS 2021,"Dopo lo scontro armato all ' angolo fra viale Piave e via Alghisi , il fuggifuggi (to run away+to run away) generale.
'After the armed clash at the corner of Viale Piave and Via Alghisi, the general stampede'.",CORIS 2021,,,,,,,,,,,,,,,Silvia Micheli,
,147,VN compounds,[[x]Vαk [y]Nβi]A|Nγj,"[PERSON OR INSTRUMENT THAT PERFORMS A CERTAIN FUNCTION]
[EVENT]","compounding, morphology, VN compounds","agent nouns, exocentric compounds, instrument nouns, event nouns",partially filled/schematic,"Ci sono lavavetri (to wash+window) che sono saliti sulle auto di anziani perché volevano più soldi.
'There are window washer who climbed into the cars of elderly people because they wanted more money'.",CORIS 2021,"Alla fine il decreto salva-Rete4 (to save+Rete4, Italian TV channel) arriva , senza una sola parola sul problema delle concentrazioni televisive.
'In the end the decree saving Network4 arrives, without a single word on the issue of television mergers.'",CORIS 2021,,,,,,,,,,,,,,,,,Silvia Micheli,This is the most productive type of compounds in Italian and other Romance languages (excluding Romanian).
,148,VV compounds,[[x]Vαk [y]Vβi]Nγj,"[ACTION]
[ACTION PERFORMED BY SEVERAL PEOPLE]","reduplication, compounding, morphology",event nouns,partially filled/schematic,"Il fitto saliscendi (to rise+to fall) di stradine lastricate dalle quali si aprono improvvisi scorci sul mare.
'The dense ups and downs of cobbled streets from which sudden glimpses of the sea open up'.",CORIS 2021,"in Curva sono entrati i poliziotti , a decine , provocando risse e fuggi-fuggi (to run away+ to run away).
'Policemen entered the Curva, dozens of them, causing brawls and stampedes'.",laRepubblica corpus ,,,,,,,,,,,,,,,,,Silvia Micheli,
,149,Cognate Object Construction Proper,N + V + Ncognate,"è costituita da un Agente (il soggetto), un predicato verbale intransitivo (tipicamente inergativo), che viene usato transitivamente con un oggetto diretto che è ""cognato"" alla radice del verbo",argument structure construction,cognate object,partially filled/schematic,Fredrik viveva vita normale e si era recato come sempre al turno,ItWac,Certo che Capello non dorme sonni tranquilli ,ItWac,Per correre una buona 10 km non è necessario usare dei mezzi di allenamento stratosferici.,Google,"La città dormirà sonni agitati, questa notte",ItWac,i personaggi vivono vita autonoma e spesso cercano invano l' autore,ItWac,,,,,,,,,,,Lucia Busso,
,150,Caused Motion Construction,N + V + N + LocP,l'Agente provoca direttamente lo spostamento del Tema da una posizione A a una posizione B lungo un percorso specificato dal sintagma locativo,argument structure construction,"Causative construction         (the subject causes an action to be performed), caused motion",fully schematic,Sua madre portò Gesù nel grembo: noi portiamolo nel cuore,ItWac,Cosa non fare:mettere spoiler nei titoli delle discussioni,ItWac,è possibile garantire il proprio appoggio versando offerte sul conto corrente unico,ItWac,"Kublai richiamò Hulagu in Oriente, e l' Egitto fu salvo",ItWac, i manifesti raccomandano di non buttare rifiuti nei wc ,ItWac,,,,,,,,,,,Lucia Busso,
,151,Caused Motion + via Construction,N + V (via) + N (via),"La costruzione profila un tipo di evento di moto causato ed è caratterizzata dalla presenza della particella via, che può collocarsi subito dopo il verbo o dopo l'oggetto diretto. La particella favorisce il senso locativo, sia letterale che metaforico",particle verb construction,"Causative construction         (the subject causes an action to be performed), caused motion",partially filled/schematic,le due donne portarono via Bennegret su una portantina,ItWac,non buttiamo via mesi di lotta,ItWac,Da decenni mettevo via materiale per un libro sulla città,ItWac,Van manda Hitomi via in un' aeronave,ItWac,,,,,,,,,,,,,Lucia Busso,
,152,Dative Construction,N + V + Nobj + PPrecipient (+ PPprovenance),La costruzione profila un evento di trasferimento (letterale o metaforico) da un Agente ad un Ricevente. Talvolta è esplicitata anche la provenienza del Tema trasferito.,argument structure construction,"dative, transfer",fully schematic,I Paesi Bassi non spediscono pelli di animali (...) provenienti dalle parti del proprio territorio elencate nell' allegato I. 2. ,ItWac,Bobo (...) mandò messaggi affettuosi ai giocatori del Milan,ItWac,"Il che vuoi dire (...) consegnare all ' aggressione del cemento gli agrumeti di Sorrento,",ItWac,Bin Laden lancia minacce precise all' Occidente,ItWac,Esistono persone che non danno importanza ai nomi delle cime e alle loro altezze,ItWac,,,,,,,,,,,Lucia Busso,
,153,Intransitive Motion Construction,N + Vmotion + PPLoc,"La costruzione consiste in un Tema (soggetto) che si muove lungo un percorso verso un punto diverso dello spazio. A differenza della costruzione di moto causato, la causa esterna del movimento non fa parte dell'evento concettualizzato.",,,fully schematic, Luigi Amedeo (...) nel 1883 entrò in Accademia Militare,ItWac,le macchine vanno (...) verso Valle Olona,ItWac,io e Patrizia abbiamo sperato che tali notizie non giungessero a casa,ItWac,Arrivo a Genova in Piazza della Vittoria.,ItWac,"Poi un giorno andai a Venezia, alla Biennale",ItWac,,,,,,,,,,,Lucia Busso,"Busso, L., Lenci, A., & Perek, F. (2020). Valency coercion in Italian: An exploratory study. Constructions and Frames, 12(2), 171-205.
Mosca, M. (2012). Italian motion constructions. Space and Time in Languages and Cultures: Linguistic diversity, 373."
,154,Implict Verba Dicendi Construction,N + V +{di}Vinf,"La costruzione profila eventi di dire, chiedere, narrare, etc. in cui il soggetto è specificato solo nello slot iniziale, e il verbo che segue la particella di è all'infinto.
 ","argument structure construction, implicit construction",verbs of saying,partially filled/schematic,vorrei chiederti di chiarire a quali triangoli ti stai riferendo,ItWac,Il presidente della Rai ha detto di considerare le dimissioni (...) la soluzione migliore,ItWac,l'attore ha raccontato di essere al momento alle prese con il set della fiction ,ItWac,"
Le istruzioni spiegano di entrare uno alla volta 
",ItWac,"Io non parlo di aumentare, parlo di ridistribuire gli orari",ItWac,,,,,,,,,,,Lucia Busso,
,155,Verba Dicendi Explicit Construction,N + V + {che}clause,"La costruzione profila eventi di dire, chiedere, narrare, etc. in cui alla principale segue una subordinata esplicita introdotta da che e seguita da un verbo in forma finita","argument structure construction, explicit construction",verbs of saying,partially filled/schematic,adesso Giorgio gli spiegherà che sono qui per partire insieme a loro,ItWac,E se vi dico che sono simpatica?,ItWac,Porfirio racconta che Plotino non confidò a nessuno la sua data di nascita,ItWac,Mi chiedo che direbbe il vecchio Jonah se ti vedesse in quelle condizioni!,ItWac,Ci raccontano che organizzano già tante attività culturali con bambini e bambine,ItWac,,,,,,,,,,,Lucia Busso,
,156,,PP|NPDAT toccare3.SG VINF,The [State of Affairs] obliges [Experiencer]PP|NP to [Action]V,impersonal construction,"deontic modality, necessity/obligation",partially filled/schematic,Hai chiuso il post da vero professionista della suspance...e adesso quanto mi tocca aspettare per sapere come va a finire?,itTenTen20 ,"Disse che dopo cena avremmo dovuto uscire a cercare la scarpa, tutti e due, perché anch'io avrei dovuto avere più cura di mio fratello. Così ci sarebbe toccato uscire col buio.",CORIS,"La biblioteca è chiusa, tocca stare ancora a casa e allora veniamo noi da voi! ",itTenTen20 ,"E quando Domenico Bartoli si lamenta per quello che gli tocca scrivere sul « Corriere», autocensurandosi insomma, il suo direttore con un gran sospiro alza gli occhi al cielo e fa: «Oh, se avessi io un giornale!».",CORIS,"Se poi tutto andrà come deve, credo che a Davide toccherà portare l'acqua e fare qualche faccenda al posto mio in casa per almeno una settimana.",itTenTen20,,,,,,,,,,,Beatrice Bernasconi,
,157,,bello Adj,VERY Adj,,intensification,partially filled/schematic,"Per fortuna il campo è bello grande, anche il fondo è buono.",la Repubblica ,Ho seguito due corsi di formazione belli tosti ma ne sono orgogliosa.,itTenTen20,Quelle della Honda sono adatte a me: è una moto bella compatta.,la Repubblica , E adesso beva il caffè bello caldo.,CORIS,"Bevemmo una bella bottiglia di Gutturnio dei colli piacentini e, al momento di assaggiare la torta di mele che avevo preparato al pomeriggio, ne aprimmo un'altra, bella frizzantina, sempre dello stesso Gutturnio. ",CORIS,,,,,,,,,,,Beatrice Bernasconi,
,158,Passive Construction,N + Vpass + (PPagent),"La costruzione passiva indica un'azione compiuta da un agente su un paziente, in cui il paziente è il soggetto e l'agente è opzionalmente espresso fa un sintagma preposizionale. E' altamente schematica, tanto che diversi studiosi sostengono che le forme passive (inglesi) siano una famiglia di costruzioni, piuttosto che un unica costruzione (si veda ad esempio Tomasello 2005).",argument structure construction,passive,fully schematic,Nel 1991 è stato nominato direttore,ItWac,Il privilegio più importante fu rappresentato dall' onore di fornire gli uomini per la guardia capitolina,ItWac,Il blindato è stato distrutto dall' esplosione di un ordigno non identificato,ItWac,Il testo delle note qui pubblicato é stato redatto dall' amministrazione competente,ItWac,Gli indici così individuati devono essere forniti dall' ISTAT all' Agenzia delle entrate,ItWac,,,,,,,,,,,Lucia Busso,
,159,Predicative Construction,N + V + N + (NP|AdjP)pred,"consiste in un Soggetto che assegna ad un Tema (oggetto diretto) una caratteristica o una categoria, espressa in un sintagma nominale o aggettivale",argument structure construction,predicative,fully schematic, Le parole di Maresca trovano orecchie attente nei circoli della politica americana,ItWac,Il testo non accenna all' ipotesi che Giuseppe ritenesse Maria innocente,ItWac,parecchi uomini trovano JLO sexy,ItWac,Si considerano molluschi bivalvi (...) gli esemplari inferiori alle seguenti dimensioni:,ItWac,La maggioranza dei tifosi ritiene Ujfalusi superiore a Dainelli.,ItWac,,,,,,,,,,,Lucia Busso,
,160,Discontinous reduplication N(sg)-su-N(sg),Ni su Ni,MODIFIER = SUCCESSION / ITERATION / DISTRIBUTIVITY of N,"reduplication, discontinuous reduplication",intensification,partially filled/schematic,"Aveva anche chiesto soldi in prestito ai suoi amanti, senza pudore, e li aveva, ogni volta, restituiti, centesimo su centesimo.",CORIS2021,"Non aveva avuto mai paura degli uomini qualunque lingua parlassero, le sue braccia erano forti, non aveva mai saputo cosa fosse malattia, né stanchezza: al mondo vi erano le strade: attraversavano le pianure, passavano i fiumi, andavano oltre le montagne e colle sue gambe, chilometro su chilometro, un tanto al giorno, passava da una regione all'altra, fino alle terre straniere che nell'avvicinarsi lo animavano di attesa.",CORIS2021,"Mia madre, nota facciacomeilculo, chiedeva: ""Com'è l'arrosto?"" . ""Buono."" rispondeva lui. E giù forchettata su forchettata mentre mio padre scattava una foto, mio fratello gli aggiungeva un po' di ""forte"", io gli passavo il vino.",CORIS2021,,,,,,,,,,,,,,,Francesca Masini,
,161,Discontinous reduplication N(pl)-su-N(pl),Ni su Ni,GREATER PLURAL / ACCUMULATION of N,"reduplication, discontinuous reduplication","plurality, intensification",partially filled/schematic,"È stata forse Miuccia Prada a portare definitivamente la tendenza sotto gli occhi di tutti con la sua recente sfilata donna per il prossimo autunno/inverno: ha ricoperto i revers di giacche e spolverini di struzzo con enormi spille di bachelite e strass color sorbetto, dando così la stura a centinaia di post a tema sui social media e a pagine su pagine sulle riviste di tutto il mondo che improvvisamente si sono accorte del trend.",CORIS2021,"E, al contrario, il mister argentino continua ad accumulare errori su errori, cambiando ogni settimana le carte in tavola, senza trovare, naturalmente, il rimedio.",CORIS2021,"Harry trangugiava un bicchiere fresco dopo l'altro, ordinando caraffe su caraffe, convinto che sapessero tutte di alcol da massaggi.",CORIS2021,,,,,,,,,,,,,,,Francesca Masini,
,162,Discontinous reduplication N-per-N,Xi per Xi,INESCAPABLE PRESUPPOSITION SUB.CLAUSE,"reduplication, discontinuous reduplication, subordination",,lexically filled,,,,,,,,,,,,,,,,,,,,,Francesca Masini,
,163,SIMIL- subconstruction resembling,[simil-[x]Xj]Xi,[RESEMBLING SEMj]i,"prefixation, affixoid","evaluative morphology, approximation, similarity",partially filled/schematic,,,,,,,,,,,,,,,,,,,,,Francesca Masini,
,164,SIMIL- subconstruction fake,[simil-[x]Nj]Ni,[FAKE SEMj]i,"prefixation, affixoid","evaluative morphology, approximation, fakeness",partially filled/schematic,,,,,,,,,,,,,,,,,,,,,Francesca Masini,
,165,stile (indexical manner),T [stile N],M = in manner PK|F where PK|F = T/T(K|F)_N,,"manner, indexical manner",partially filled/schematic,,,,,,,,,,,,,,,,,,,,,Francesca Masini,"Masini, Francesca & Caterina Mauri. 2020.  Questione di stile: l’espressione analitica della maniera indessicale. Testi e Linguaggi 14. 259-271."
,166,Neoclassical compounds,[[x]Xαk [y]Yβi]Xβj,[SEMk in R with SEMi]j,"compounding, combining form, neoclassical element",,fully schematic,"Otto chili di troppo equivalgono al 25 per cento di probabilità in più di sviluppare una cardiopatia (cardio- + -pathy).
'Eight kilos too many equals a 25 per cent greater chance of developing heart disease'.",laRepubblica corpus,,,,,,,,,,,,,,,,,,,Silvia Micheli,
,167,venire fuori che V,,,,,partially filled/schematic,,,,,,,,,,,,,,,,,,,,,Flavio,
,168,uscire fuori che V,,,,,partially filled/schematic,,,,,,,,,,,,,,,,,,,,,Flavio,
,169,semiADJ,,,,,partially filled/schematic,,,,,,,,,,,,,,,,,,,,,Flavio,
,170,mezzo ADJ,,,,,fully schematic,,,,,,,,,,,,,,,,,,,,,Flavio,
,171,Tanto (...) quanto (...) ,"X1 - Y - X2 - Y, dove X1= tanto; X2= quanto; Y= spazio da riempire. ",Costruzione comparativa / di uguaglianza,,,partially filled/schematic,"
“...accolti da un pubblico tanto numeroso quanto festoso.”
Gli sviluppatori hanno costruito una serie di variazioni tanto elaborate quanto eleganti. “
A smentire questa notizia tanto falsa quanto assurda ci ha pensato un sito.
",Corpus ItalianWeb2020 - Sketch Engine,"
Cosa resta di questa vita tanto triste quanto esaltante?
“...gli eventi imprevisti possono essere tanto benevoli quanto disastrosi.”
“...hanno avuto esperienza di un contesto tanto familiare quanto insolito.”
",Corpus ItalianWeb2020 - Sketch Engine,"
Il San Francisco Chronicle ha fatto notare che tanto Romney quanto Obama hanno guadagnato fans su Facebook.
Tanto Israele quanto Roma non riconobbero il Cristo. 
La particolarità di questo social network è di essere popolato da tanti ragazzi quante ragazze.
",Corpus ItalianWeb2020 - Sketch Engine,"
Questa situazione è difficile da gestire tanto fisicamente quanto psicologicamente.
",Corpus ItalianWeb2020 - Sketch Engine,"
Scrive tanto quanto parla.   
",Dizionario Zanichelli,,,,,,,,,,,Lisa Maldina,"Ex. 6

Il conduttore assegna loro tanti punti quanto è il valore complessivo degli oggetti. 
La pianta rilascia tanta CO2 quanta ne assume.
Una tazza di yogurt ha tanto calcio quanto una di latte.

Fonte: Corpus ItalianWeb2020 - Sketch Engine"
,172,trovare N (Avv) Agg,"trovare N (Avv) Agg
Schema generale: [Soggetto] + [trovare] + [Complemento oggetto] + [Aggettivo]
Ad es.: (Io) trovo il libro interessante.","La costruzione serve a esprimere una valutazione soggettiva del parlante nei confronti del complemento oggetto. Il verbo trovare assume una funzione semantica di ""percepire come"" o ""ritenere"" (non “rinvenire”), indicando una valutazione personale.
Ad es.: Trovo il film interessante → indica il punto di vista del parlante, non un fatto oggettivo.
L’aggettivo non descrive l’oggetto in modo intrinseco, ma piuttosto come lo percepisce il parlante. Il significato della frase è modulato dal contesto e dalla prospettiva di chi parla.","Transitive Clause, Predicate-Adjective Construction","Attribution of Property, Opinion Expression, Judgment Statement",partially filled/schematic,"Guardate come reagiscono al suo attacco... se non sai ricevere l'ingratitudine. Questa frase me l'hanno detta oggi, la trovo bellissima e molto profonda non credete?",itTenTen20 (Sketch Engine),"- No, non ho avuto un vero e proprio modello di riferimento, è una passione nata nel tempo osservando i diversi suonatori di battente nei concerti di piazza. Hai trovato utile qualche testo, libro, pubblicazione, cd ecc.. ? - Non mi sono mai imbattuta in libri che trattassero questo strumento.",itTenTen20 (Sketch Engine),"Quella era la sua filosofia di vita: caricava sempre perché ci provava con tutte, belle, brutte, grasse e magre. Guido non era a questi livelli, certo, ma trovava interessante la sua teoria e l'avrebbe messa in pratica quel sabato e domenica.",CORIS,"L'ho ringraziato ancora una volta e, osservandolo meglio, non ho potuto fare a meno di restare colpita dalla sua bellezza. L'avresti trovato affascinante anche tu: hai presente il tipo d' uomo con penetranti occhi verdi, naso importante e riccioli neri?",CORIS,"Nascere e morire erano cose standard, ora esistono più modi di far nascere e eventualmente scegliere di morire . Non do alla posizione sull'embrione il valore di verità assoluta, ma la trovo coerente con le tesi sull'autonomia degli individui.",CORIS,,,,,,,,,,,Alicja Maria Gniadek,"Si può individuare anche una sottocostruzione come: trovare Agg che Complement Clause.
L'aggettivo non qualifica un oggetto diretto, ma introduce una valutazione riguardo al contenuto di una frase subordinata completiva."
,173,dare di N,dare di N,"1 Esprimere una manifestazione improvvisa e intensa fisica o mentale --> dare di testa; dare di matto
2 Forse esprimere maggiore partecipazione emotiva/coinvolgimento rispetto a un evento --> dare di stomaco; dare di gomito 
3 Esprimere particolare impegno o dedizione in un'attività nel caso del legame con strumento --> dare di scalpello, dare di vernice --> variante rafforzata darci di
L'interpretazione ha una metaforicità variabile nei vari esempi, il verbo ""dare"" ha significato che si specifica unitamente al nome. 
 ",,,partially filled/schematic,"Ci va del tempo, alle soglie del matrimonio poi, un'altra avrebbe già dato di testa.",itTenTen20,"Mio figlio di sei mesi dà di stomaco molto spesso, devo allarmarmi?",itTenTen20,"Sedutosi sul gradino al mio fianco, parlando sottovoce, cominciò a darmi di gomito mentre mi chiedeva con morbosa curiosità:",itTenTen20,"con l'ausilio di puntelli opportunamente conficcati, diamo di scalpello, non certo per romperle, bensì per riforgiarle.",itTenTen20,Ci ho dato di retino a maglie finissime e pazienza.,itTenTen20,,,,,,,,,,,,
,174,Costruzione comparativa asimmetrica,più X che Y,X è prominente rispetto a Y,,"comparazione, prominenza",partially filled/schematic,"Questi, egli dice generalmente sono più astuti che prudenti, più acuti che sinceri, amano le novità, sono litigiosi, adulatori e per natura invidiosi;",ItTenTen20,"Rifornivano metà dell'universo, e avevano, tuttavia, più lavoro che lavoratori.",ItTenTen20,"La luce della luna cadeva attraverso le tende giallastre , i rumori notturni del paese si potevano più intuire che sentire.",CORIS,"Ma se guardo al presente, ai fatti, mi ritrovo e leggo l'uscita affrettata delle Z - perché non pronte e progettate più commercialmente che tecnicamente - come il tentativo di conservare volumi adeguati al sostentamento dell'impresa",ItTenTen20,,,,,,,,,,,,,Giulia Galfetti,Le strutture riempite con X e Y = Adv sembrano essere più lessicalmente piene (es. più Adv che non)
,175,Nome1,più noun/adj è meglio è.,,,,partially filled/schematic,Più gente c'è meglio è.,,Il gelato più freddo è meglio è.,,,,,,,,,,,,,,,,,,Viola,
,176,uscirne + agg (fisico/psicologico),Sogg+V(uscire+clitico-ne)+agg di 1)stato fisico; 2)stato psicologico.,"La semantica del verbo non è quella canonica: in questo caso 'uscire' non indica un movimento fisico, indica il risultato o lo stato conseguente al superamento di un evento o processo difficoltoso.",,,partially filled/schematic,Ne sono uscito distrutto.,,Ne è uscita più forte di prima.,,Ne sei uscito pazzo.,,Ne uscirono illesi.,,Ne uscirete vincitori.,,,,,,,,,,,,Arianna,
,177,,,,,,,,,,,,,,,,,,,,,,,,,,,,
,178,Meglio X che Y,"""meglio"": avverbio invariabile
""Che"":  congiunzione comparativa che introduce il termine di paragone 
X e Y possono essere verbi, aggettivi, sostantivi o intere proposizioni. ","SEMANTICA indica preferenza relativa tra due opzioni di cui la prima sembra piu' accettabile. 
DISCORSIVA per contrapporre idee, situazioni, opinioni. ",,opposition,partially filled/schematic,meglio prevenire che curare ,,meglio soli che mal accompagnati ,,meglio tardi che mai ,,meglio vincere che perdere ,,,,,,,,,,,,,,Ana Andros,
,179,mettere\metterci + Agg poss,V (mettere\metterci)+ Agg poss,"Semantica: indica il grado di coinvolgimento o impegno personale.
Pragmatica: utilizzata per dare consigli, per enfatizzare il contributo personale e con funzione motivazionale.
Discorsiva: rinforza l'idea di responsabilità\dedizione.",,,partially filled/schematic,Metterci del mio.,,Metterci del vostro.,,Mettici del tuo.,,"Impegnati, mettici del tuo!",,,,,,,,,,,,,,Aurora,
,180,non PRON che V,non PRON che V ,"antipresupposizionale
negazione per affermare",,,partially filled/schematic,"non io che devo ancora leggerli tutti
(in riferimento ai messaggi di auguri durante il periodo natalizio)",Instagram,"non io che in sessione anziché studiare guardo tutti gli episodi di ""Casa a prima vista"" su RealTime",Tiktok,non io che mangio 20 ore su 24,Instagram,non io che fingo di non essere in posa,Instagram,non io che ho fatto sto video a gennaio e ancora non lo avevo postato,Tiktok,,,,,,,,,,,Sofia Battistoni,"Le fonti di riferimento sono state esclusivamente Tiktok e Instagram perché nella ricerca (forse non sufficientemente approfondita) condotta su corpora di italiano parlato e del web la costruzione non è emersa, magari perché troppo recente o perché non sufficientemente diffusa."
,181,Una Costruzione  in spagnolo,"Fonologia:
[toˈmaɾ el ˈpe.lo]
Morfologia: 
Tomar: infinitivo del verbo prendere 
El: articolo determinato maschile singolare
Pelo: sostantivo singolare maschile (capelli).
Sintassi: 
Tomar: Verbo 
El pelo: oggetto diretto.","Pragmatica: 
È usata principalmente per indicare che una persona prende in giro a un'altra e la sua interpretazione dipenderà del contesto e della relazione tra i parlanti. 
Semantica:
Fa riferimento a un senso figurativo dentro del campo semantico del ingagno e dello scherzo.
Discorsiva: 
Organiza le interazioni permettendo la introduzione di umore e ironia e può aiutare a suavizzare il tono della converzazione. 
 ",,,partially filled/schematic,"¿Lo dices de verdad o me estás tomando el pelo?
Traduzione: Lo dici davvero o mi prendi in giro?",,"¡No me tomes el pelo así!
Traduzione: Non prendermi in giro così!",,"Deja de tomarme el pelo y dime la verdad ya.
Traduzione: Smettila di prendermi in giro e dimmi già la verità (aprox).",,"Me dijo que era listo pero creo que me toma el pelo. 
Traduzione: Mi ha detto che era intelligente ma penso che mi sta prendendo in giro. 
 ",,,,,,,,,,,,,,Najwa Lledó e Alma Méndez,
